"","subject","sex_response","age_response","Comp_pn","Comp_gb","Warm_pn","Warm_gb","expComp","expWarm","valExplicit","steIAT","steIATodd","steIATeven","valIAT","valIATodd","valIATeven","sblock_order","block_order","warm_s","comp_s","stExplicit","warm_s1","comp_s1","stExplicit1","condition","mem_c_response","mem_w_response","ok","finish","finishok","nrspexp","expok","nrspiat","iatok"
"1",9,"male",36,-1,-2,2,3,-1.5,2.5,4,0.3046,0.3941,0.2676,0.9147,1.0848,0.8214,"compf","compf",5,5,5,1,1,1,"niff_w","they were paired with Luupites names","they were paired with Niffites names",1,1,TRUE,2,TRUE,2,TRUE
"2",14,"male",56,-1,2,2,2,0.5,2,1.5,-0.9296,-0.9845,-1.131,0.0295,0.2022,-0.0953,"compf","incompf",1,1,1,-3,-3,-3,"luup_w","they were paired with Niffites names","they were paired with Luupites names",1,1,TRUE,2,TRUE,2,TRUE
"3",15,"male",27,2,2,3,3,2,3,1,-0.9599,-0.9493,-0.956,0.85,0.6958,1.0088,"incompf","compf",1,1,1,-3,-3,-3,"luup_w","they were paired with Niffites names","they were paired with Luupites names",1,1,TRUE,2,TRUE,2,TRUE
"4",19,"female",33,2,2,4,4,2,4,2,-0.3752,-0.2321,-0.6118,0.254,0.472,0.0782,"incompf","compf",3,3,3,-1,-1,-1,"niff_w","they were paired with Niffites names","they were paired with Luupites names",1,1,TRUE,2,TRUE,2,TRUE
"5",20,"male",18,4,3,2,3,3.5,2.5,-1,-0.5317,-0.3944,-0.6691,0.7479,0.797,0.7642,"incompf","incompf",1,1,1,-3,-3,-3,"niff_w","they were paired with Niffites names","they were paired with Niffites names",1,1,TRUE,2,TRUE,2,TRUE
"6",21,"female",47,4,4,4,4,4,4,0,-0.7776,-0.6334,-1.0544,1.007,0.8728,1.1484,"compf","compf",1,1,1,-3,-3,-3,"luup_w","they were paired with Niffites names and with Luupites names","they were paired with Niffites names and with Luupites names",1,1,TRUE,2,TRUE,2,TRUE
"7",22,"female",26,3,3,2,2,3,2,-1,-0.3306,-0.5375,-0.0793,0.5959,0.5827,0.5971,"compf","incompf",2,2,2,-2,-2,-2,"luup_w","they were paired with Niffites names and with Luupites names","they were paired with Niffites names and with Luupites names",1,1,TRUE,2,TRUE,2,TRUE
"8",26,"male",23,2,2,4,2,2,3,1,-0.5093,-0.1847,-0.7748,-0.496,-0.4623,-0.5351,"compf","incompf",6,3,4.5,2,-1,0.5,"niff_w","I don’t remember","they were paired with Niffites names and with Luupites names",1,1,TRUE,2,TRUE,2,TRUE
"9",30,"female",21,2,2,2,2,2,2,0,-0.4179,-0.2858,-0.73,0.3817,0.0396,0.5832,"compf","incompf",2,2,2,-2,-2,-2,"luup_w","they were paired with Niffites names","they were paired with Luupites names",1,1,TRUE,2,TRUE,2,TRUE
"10",33,"male",22,3,4,4,3,3.5,3.5,0,0.7646,0.7461,0.8987,0.7358,1.0887,0.374,"compf","compf",6,6,6,2,2,2,"niff_w","they were paired with Niffites names and with Luupites names","they were paired with Niffites names and with Luupites names",1,1,TRUE,2,TRUE,2,TRUE
"11",34,"female",22,3,2,4,3,2.5,3.5,1,-0.3664,-0.3713,-0.4447,0.4094,0.6058,0.2625,"compf","incompf",4,4,4,0,0,0,"niff_w","I don’t remember","I don’t remember",1,1,TRUE,2,TRUE,2,TRUE
"12",36,"male",36,4,4,4,4,4,4,0,-0.9923,-0.7911,-1.1807,0.4965,0.5021,0.4727,"incompf","incompf",4,4,4,0,0,0,"niff_w","they were paired with Niffites names and with Luupites names","they were paired with Niffites names",1,1,TRUE,2,TRUE,2,TRUE
"13",37,"female",23,0,0,3,4,0,3.5,3.5,0.3259,0.3477,0.4168,1.0668,1.2138,0.9192,"compf","compf",4,4,4,0,0,0,"luup_w","they were paired with Niffites names and with Luupites names","they were paired with Niffites names and with Luupites names",1,1,TRUE,2,TRUE,2,TRUE
"14",38,"female",37,4,4,3,3,4,3,-1,0.2466,0.2558,0.2577,-0.0305,0.0449,-0.0751,"compf","incompf",5,5,5,1,1,1,"luup_w","they were paired with Niffites names and with Luupites names","they were paired with Niffites names and with Luupites names",1,1,TRUE,2,TRUE,2,TRUE
"15",39,"female",33,4,4,3,4,4,3.5,-0.5,-0.0504,0.1944,-0.3233,1.0356,0.9738,1.0993,"incompf","compf",4,4,4,0,0,0,"luup_w","I don’t remember","I don’t remember",1,1,TRUE,2,TRUE,2,TRUE
"16",43,"male",28,-1,-2,2,3,-1.5,2.5,4,0.5063,0.476,0.8526,0.8789,0.8027,1.0273,"incompf","compf",4,6,5,0,2,1,"niff_w","they were paired with Niffites names and with Luupites names","they were paired with Niffites names",1,1,TRUE,2,TRUE,2,TRUE
"17",44,"male",21,3,3,3,3,3,3,0,0.1414,0.1002,0.19,0.2774,0.5936,-0.0649,"incompf","incompf",7,7,7,3,3,3,"niff_w","I don’t remember","they were paired with Niffites names",1,1,TRUE,2,TRUE,2,TRUE
"18",45,"male",23,0,0,0,0,0,0,0,-0.307,-0.1289,-0.5346,0.661,0.8002,0.4736,"compf","compf",4,4,4,0,0,0,"luup_w","they were paired with Niffites names and with Luupites names","they were paired with Niffites names and with Luupites names",1,1,TRUE,2,TRUE,2,TRUE
"19",46,"female",21,4,3,4,4,3.5,4,0.5,0.1793,0.3019,0.0204,0.6265,0.5621,0.7114,"compf","incompf",1,1,1,-3,-3,-3,"luup_w","they were paired with Niffites names","they were paired with Luupites names",1,1,TRUE,2,TRUE,2,TRUE
"20",48,"female",20,2,3,4,4,2.5,4,1.5,-0.1771,-0.2773,-0.0685,1.0218,0.9798,1.0929,"incompf","incompf",2,2,2,-2,-2,-2,"luup_w","they were paired with Niffites names","they were paired with Niffites names and with Luupites names",1,1,TRUE,2,TRUE,2,TRUE
"21",49,"male",19,3,3,3,3,3,3,0,0.1283,0.0617,0.3175,0.796,0.7291,0.8615,"compf","compf",6,2,4,2,-2,0,"niff_w","they were paired with Luupites names","they were paired with Niffites names",1,1,TRUE,2,TRUE,2,TRUE
"22",54,"male",28,3,2,4,3,2.5,3.5,1,-0.4587,-0.4282,-0.5458,0.3879,0.6481,0.1503,"compf","incompf",6,5,5.5,2,1,1.5,"luup_w","they were paired with Luupites names","they were paired with Niffites names",1,1,TRUE,2,TRUE,2,TRUE
"23",56,"male",23,3,3,4,4,3,4,1,-0.0414,0.0933,-0.0362,0.987,0.9801,1.0219,"incompf","incompf",1,2,1.5,-3,-2,-2.5,"luup_w","they were paired with Niffites names","they were paired with Niffites names and with Luupites names",1,1,TRUE,2,TRUE,2,TRUE
"24",57,"male",19,4,4,4,4,4,4,0,0.1072,-0.0154,0.2758,0.4301,0.5964,0.4246,"compf","compf",6,6,6,2,2,2,"niff_w","they were paired with Luupites names","they were paired with Niffites names and with Luupites names",1,1,TRUE,2,TRUE,2,TRUE
"25",58,"female",23,3,3,4,4,3,4,1,0.0958,-0.0036,0.2557,1.1447,1.0189,1.262,"compf","incompf",7,7,7,3,3,3,"niff_w","they were paired with Niffites names and with Luupites names","they were paired with Niffites names and with Luupites names",1,1,TRUE,2,TRUE,2,TRUE
"26",61,"female",25,4,4,4,3,4,3.5,-0.5,0.3644,0.0591,0.5431,0.8009,0.9215,0.7856,"compf","compf",4,7,5.5,0,3,1.5,"luup_w","they were paired with Luupites names","I don’t remember",1,1,TRUE,2,TRUE,2,TRUE
"27",63,"male",29,3,4,3,4,3.5,3.5,0,-0.0678,-0.1973,0.0368,-0.0305,-0.6095,0.2932,"incompf","compf",2,2,2,-2,-2,-2,"luup_w","they were paired with Niffites names","they were paired with Luupites names",1,1,TRUE,2,TRUE,2,TRUE
"28",68,"male",21,-1,-1,2,2,-1,2,3,0.1857,0.0406,0.3952,0.539,0.2479,0.936,"incompf","incompf",4,5,4.5,0,1,0.5,"niff_w","I don’t remember","I don’t remember",1,1,TRUE,2,TRUE,2,TRUE
"29",70,"male",20,4,4,4,4,4,4,0,0.7328,0.8707,0.64,0.475,0.5169,0.4395,"compf","incompf",4,4,4,0,0,0,"luup_w","they were paired with Niffites names and with Luupites names","they were paired with Niffites names and with Luupites names",1,1,TRUE,2,TRUE,2,TRUE
"30",71,"female",34,1,-1,2,1,0,1.5,1.5,-0.2293,-0.4214,0.0286,1.0868,1.0441,1.2031,"incompf","compf",2,2,2,-2,-2,-2,"luup_w","they were paired with Niffites names and with Luupites names","they were paired with Niffites names and with Luupites names",1,1,TRUE,2,TRUE,2,TRUE
"31",72,"female",29,1,0,1,3,0.5,2,1.5,-0.0797,0.0152,-0.2087,0.4299,0.5696,0.4101,"incompf","incompf",3,3,3,-1,-1,-1,"luup_w","they were paired with Niffites names","they were paired with Luupites names",1,1,TRUE,2,TRUE,2,TRUE
"32",73,"male",28,1,1,3,3,1,3,2,-0.7431,-0.5488,-1.1015,0.3181,0.4377,0.2783,"compf","compf",3,3,3,-1,-1,-1,"niff_w","I don’t remember","I don’t remember",1,1,TRUE,2,TRUE,2,TRUE
"33",75,"male",31,4,4,4,4,4,4,0,0.5757,0.4016,0.8186,0.3275,0.0751,0.5507,"incompf","compf",7,7,7,3,3,3,"niff_w","they were paired with Niffites names and with Luupites names","they were paired with Niffites names",1,1,TRUE,2,TRUE,2,TRUE
"34",76,"male",27,0,0,2,2,0,2,2,-0.5257,-0.4492,-0.663,0.9702,0.9193,1.003,"incompf","incompf",2,2,2,-2,-2,-2,"niff_w","they were paired with Niffites names and with Luupites names","they were paired with Niffites names and with Luupites names",1,1,TRUE,2,TRUE,2,TRUE
"35",77,"female",22,2,2,-2,-2,2,-2,-4,-0.1156,-0.4375,0.2312,0.4389,0.7226,0.1595,"compf","compf",3,3,3,-1,-1,-1,"luup_w","they were paired with Niffites names and with Luupites names","they were paired with Niffites names and with Luupites names",1,1,TRUE,2,TRUE,2,TRUE
"36",80,"male",25,3,3,4,3,3,3.5,0.5,0.1416,-0.2008,0.3901,0.6545,0.8357,0.5373,"incompf","incompf",3,2,2.5,-1,-2,-1.5,"luup_w","they were paired with Niffites names","they were paired with Luupites names",1,1,TRUE,2,TRUE,2,TRUE
"37",81,"female",48,3,3,3,3,3,3,0,-0.4231,-0.2313,-0.6193,0.892,0.8982,0.8831,"compf","compf",4,6,5,0,2,1,"niff_w","they were paired with Luupites names","they were paired with Niffites names",1,1,TRUE,2,TRUE,2,TRUE
"38",86,"female",34,-4,-4,4,4,-4,4,8,0.1319,-0.0195,0.2615,1.064,1.0976,1.0511,"compf","incompf",1,1,1,-3,-3,-3,"luup_w","they were paired with Niffites names","they were paired with Luupites names",1,1,TRUE,2,TRUE,2,TRUE
"39",92,"female",60,4,4,4,4,4,4,0,-0.141,-0.0507,-0.2469,0.5369,0.6136,0.4534,"incompf","incompf",6,4,5,2,0,1,"niff_w","they were paired with Luupites names","they were paired with Niffites names",1,1,TRUE,2,TRUE,2,TRUE
"40",94,"male",42,4,4,4,4,4,4,0,-0.9791,-0.772,-1.1813,0.1056,-0.1736,0.3663,"compf","incompf",1,7,4,-3,3,0,"luup_w","they were paired with Niffites names","they were paired with Luupites names",1,1,TRUE,2,TRUE,2,TRUE
"41",99,"male",29,3,4,4,3,3.5,3.5,0,-0.1022,0.0957,-0.3471,0.5834,0.4775,0.6518,"incompf","compf",5,4,4.5,1,0,0.5,"niff_w","I don’t remember","they were paired with Niffites names",1,1,TRUE,2,TRUE,2,TRUE
"42",101,"female",50,4,4,4,4,4,4,0,-0.2286,-0.2255,-0.3045,0.8929,0.7236,1.0768,"compf","compf",3,4,3.5,-1,0,-0.5,"luup_w","they were paired with Niffites names and with Luupites names","they were paired with Niffites names and with Luupites names",1,1,TRUE,2,TRUE,2,TRUE
"43",102,"female",18,4,3,3,2,3.5,2.5,-1,0.2977,0.2984,0.2951,0.1113,0.0676,0.2233,"compf","incompf",6,6,6,2,2,2,"luup_w","they were paired with Niffites names","they were paired with Niffites names and with Luupites names",1,1,TRUE,2,TRUE,2,TRUE
"44",104,"female",18,3,4,2,4,3.5,3,-0.5,0.2942,-0.0491,0.4769,0.8623,0.9671,0.8649,"incompf","incompf",4,2,3,0,-2,-1,"luup_w","they were paired with Niffites names","they were paired with Luupites names",1,1,TRUE,2,TRUE,2,TRUE
"45",106,"male",36,3,3,4,4,3,4,1,0.7225,0.6977,0.782,0.8814,0.8882,0.9098,"compf","incompf",4,4,4,0,0,0,"niff_w","they were paired with Niffites names and with Luupites names","they were paired with Niffites names and with Luupites names",1,1,TRUE,2,TRUE,2,TRUE
"46",108,"male",35,3,3,3,3,3,3,0,-0.5453,-0.8247,-0.2843,0.8483,0.8748,0.8655,"incompf","incompf",2,2,2,-2,-2,-2,"niff_w","they were paired with Niffites names and with Luupites names","they were paired with Niffites names and with Luupites names",1,1,TRUE,2,TRUE,2,TRUE
"47",109,"male",22,3,3,3,3,3,3,0,-0.2006,0.1195,-0.7049,0.9972,1.2206,0.7337,"compf","compf",7,7,7,3,3,3,"luup_w","they were paired with Luupites names","they were paired with Niffites names",1,1,TRUE,2,TRUE,2,TRUE
"48",110,"female",25,1,1,4,3,1,3.5,2.5,-0.7607,-0.8887,-0.6601,0.7611,0.6962,0.8044,"compf","incompf",5,5,5,1,1,1,"luup_w","they were paired with Niffites names and with Luupites names","they were paired with Niffites names and with Luupites names",1,1,TRUE,2,TRUE,2,TRUE
"49",113,"male",35,3,3,3,3,3,3,0,0.9767,0.9356,1.1119,-0.056,-0.1283,0.0243,"compf","compf",7,7,7,3,3,3,"niff_w","they were paired with Niffites names and with Luupites names","they were paired with Niffites names and with Luupites names",1,1,TRUE,2,TRUE,2,TRUE
"50",114,"female",32,2,0,4,2,1,3,2,-0.2855,-0.5264,-0.1304,0.1576,0.1111,0.2119,"compf","incompf",7,7,7,3,3,3,"niff_w","they were paired with Niffites names and with Luupites names","they were paired with Niffites names and with Luupites names",1,1,TRUE,2,TRUE,2,TRUE
"51",116,"female",28,3,3,2,2,3,2,-1,0.341,-0.1083,0.8041,0.8307,1.0868,0.7477,"incompf","incompf",3,3,3,-1,-1,-1,"niff_w","they were paired with Niffites names and with Luupites names","they were paired with Niffites names and with Luupites names",1,1,TRUE,2,TRUE,2,TRUE
"52",119,"female",29,2,2,3,3,2,3,1,-0.5661,-0.5576,-0.6529,0.8016,1.1434,0.4142,"incompf","compf",3,3,3,-1,-1,-1,"luup_w","they were paired with Niffites names","they were paired with Niffites names and with Luupites names",1,1,TRUE,2,TRUE,2,TRUE
"53",121,"female",30,1,1,1,2,1,1.5,0.5,0.3611,0.1328,0.5828,0.8772,0.9251,0.8243,"compf","compf",6,6,6,2,2,2,"niff_w","they were paired with Luupites names","they were paired with Niffites names",1,1,TRUE,2,TRUE,2,TRUE
"54",122,"female",23,-3,-3,3,3,-3,3,6,0.48,0.5835,0.4112,0.3572,0.251,0.3901,"compf","incompf",7,7,7,3,3,3,"niff_w","they were paired with Niffites names and with Luupites names","they were paired with Niffites names",1,1,TRUE,2,TRUE,2,TRUE
"55",127,"male",30,4,4,3,3,4,3,-1,0.2498,0.1875,0.2791,0.5933,0.5478,0.6377,"incompf","compf",6,6,6,2,2,2,"luup_w","they were paired with Niffites names","they were paired with Luupites names",1,1,TRUE,2,TRUE,2,TRUE
"56",128,"male",22,3,3,4,4,3,4,1,0.2646,0.1154,0.3954,0.6568,0.421,0.9544,"incompf","incompf",6,7,6.5,2,3,2.5,"luup_w","they were paired with Luupites names","they were paired with Niffites names",1,1,TRUE,2,TRUE,2,TRUE
"57",131,"male",48,1,1,3,3,1,3,2,-0.2154,-0.1734,-0.2527,0.7892,0.7417,0.835,"incompf","compf",4,4,4,0,0,0,"niff_w","they were paired with Niffites names and with Luupites names","they were paired with Niffites names and with Luupites names",1,1,TRUE,2,TRUE,2,TRUE
"58",134,"male",41,2,0,4,2,1,3,2,-0.5807,-0.6634,-0.5988,0.2407,0.4526,0.1014,"compf","incompf",1,1,1,-3,-3,-3,"luup_w","they were paired with Niffites names","they were paired with Luupites names",1,1,TRUE,2,TRUE,2,TRUE
"59",138,"female",31,2,2,4,3,2,3.5,1.5,0.2235,0.1541,0.2807,0.7262,0.7595,0.7344,"compf","incompf",6,6,6,2,2,2,"niff_w","they were paired with Luupites names","they were paired with Niffites names",1,1,TRUE,2,TRUE,2,TRUE
"60",140,"female",33,0,0,1,1,0,1,1,-0.7891,-0.8704,-0.7465,1.15,1.0237,1.2904,"incompf","incompf",1,1,1,-3,-3,-3,"niff_w","they were paired with Niffites names and with Luupites names","they were paired with Niffites names and with Luupites names",1,1,TRUE,2,TRUE,2,TRUE
"61",142,"female",25,2,2,3,3,2,3,1,-0.4395,-0.7483,-0.1275,0.7067,0.9513,0.2121,"compf","incompf",3,3,3,-1,-1,-1,"luup_w","they were paired with Niffites names","they were paired with Luupites names",1,1,TRUE,2,TRUE,2,TRUE
"62",147,"male",40,4,4,2,2,4,2,-2,0.5071,0.4368,0.6842,-0.0605,0.104,-0.3094,"incompf","compf",7,7,7,3,3,3,"niff_w","I don’t remember","I don’t remember",1,1,TRUE,2,TRUE,2,TRUE
"63",153,"female",21,4,4,3,4,4,3.5,-0.5,0.4932,0.7984,0.2741,0.4004,0.5342,0.309,"compf","compf",7,7,7,3,3,3,"niff_w","they were paired with Luupites names","they were paired with Niffites names and with Luupites names",1,1,TRUE,2,TRUE,2,TRUE
"64",157,"female",44,4,4,4,4,4,4,0,-1.3696,-1.1606,-1.5981,0.296,0.4921,0.1945,"compf","compf",7,1,4,3,-3,0,"luup_w","I don’t remember","they were paired with Niffites names and with Luupites names",1,1,TRUE,2,TRUE,2,TRUE
"65",158,"male",58,3,4,4,4,3.5,4,0.5,-0.9551,-0.9364,-1.2583,0.8438,0.8547,0.8283,"compf","incompf",2,2,2,-2,-2,-2,"luup_w","they were paired with Niffites names","they were paired with Luupites names",1,1,TRUE,2,TRUE,2,TRUE
"66",162,"female",28,3,3,3,3,3,3,0,0.5965,0.6804,0.5438,0.8758,1.1225,0.8773,"compf","incompf",5,6,5.5,1,2,1.5,"niff_w","they were paired with Niffites names","they were paired with Luupites names",1,1,TRUE,2,TRUE,2,TRUE
"67",165,"female",29,2,3,4,4,2.5,4,1.5,-0.5137,-0.4021,-0.7679,0.2199,0.1476,0.3415,"compf","compf",3,3,3,-1,-1,-1,"luup_w","they were paired with Niffites names and with Luupites names","they were paired with Niffites names and with Luupites names",1,1,TRUE,2,TRUE,2,TRUE
"68",167,"female",63,3,3,3,3,3,3,0,-0.6734,-0.7218,-0.8923,0.5469,0.3277,0.8946,"incompf","compf",1,1,1,-3,-3,-3,"luup_w","they were paired with Niffites names and with Luupites names","they were paired with Niffites names and with Luupites names",1,1,TRUE,2,TRUE,2,TRUE
"69",169,"female",21,2,2,2,2,2,2,0,-0.7483,-0.7181,-0.9165,0.2577,0.3187,0.1993,"compf","compf",6,6,6,2,2,2,"niff_w","they were paired with Niffites names and with Luupites names","they were paired with Niffites names and with Luupites names",1,1,TRUE,2,TRUE,2,TRUE
"70",173,"female",56,3,4,4,4,3.5,4,0.5,-1.1351,-1.0266,-1.271,0.9295,0.9738,0.9243,"compf","compf",3,2,2.5,-1,-2,-1.5,"luup_w","they were paired with Niffites names and with Luupites names","they were paired with Niffites names and with Luupites names",1,1,TRUE,2,TRUE,2,TRUE
"71",174,"female",32,1,1,4,4,1,4,3,-0.1812,-0.2773,0.1058,0.6938,1.0664,0.5807,"compf","incompf",2,2,2,-2,-2,-2,"luup_w","they were paired with Niffites names","they were paired with Luupites names",1,1,TRUE,2,TRUE,2,TRUE
"72",175,"male",30,-1,0,1,0,-0.5,0.5,1,0.3575,0.5026,0.2472,-0.1524,-0.121,-0.0932,"incompf","compf",5,4,4.5,1,0,0.5,"luup_w","they were paired with Luupites names","they were paired with Niffites names and with Luupites names",1,1,TRUE,2,TRUE,2,TRUE
"73",178,"male",26,-1,1,1,1,0,1,1,0.5167,0.3461,0.741,0.2765,0.2655,0.2968,"compf","incompf",2,6,4,-2,2,0,"niff_w","they were paired with Niffites names and with Luupites names","they were paired with Niffites names and with Luupites names",1,1,TRUE,2,TRUE,2,TRUE
"74",181,"male",32,2,3,3,3,2.5,3,0.5,-0.4692,-0.5067,-0.3762,0.3512,-0.0163,0.8522,"compf","compf",2,2,2,-2,-2,-2,"luup_w","they were paired with Niffites names","they were paired with Luupites names",1,1,TRUE,2,TRUE,2,TRUE
"75",183,"male",28,4,4,4,4,4,4,0,-1.292,-1.2299,-1.4198,0.3802,0.4695,0.3002,"incompf","compf",1,1,1,-3,-3,-3,"luup_w","they were paired with Niffites names","they were paired with Luupites names",1,1,TRUE,2,TRUE,2,TRUE
"76",184,"male",32,2,2,4,4,2,4,2,-0.647,-0.9529,-0.3853,-0.1286,0.0346,-0.3028,"incompf","incompf",2,2,2,-2,-2,-2,"luup_w","they were paired with Niffites names","they were paired with Luupites names",1,1,TRUE,2,TRUE,2,TRUE
"77",186,"male",25,3,3,2,2,3,2,-1,0.9772,0.9597,1.2376,0.3638,0.3513,0.4997,"compf","incompf",6,6,6,2,2,2,"niff_w","they were paired with Niffites names and with Luupites names","they were paired with Niffites names and with Luupites names",1,1,TRUE,2,TRUE,2,TRUE
"78",187,"male",27,3,2,-2,0,2.5,-1,-3.5,-0.0686,-0.1549,0.063,1.2273,1.2093,1.2319,"incompf","compf",7,7,7,3,3,3,"niff_w","they were paired with Luupites names","they were paired with Niffites names",1,1,TRUE,2,TRUE,2,TRUE
"79",190,"male",22,3,1,4,3,2,3.5,1.5,0.9647,1.1765,0.701,1.0651,1.291,0.876,"compf","incompf",7,7,7,3,3,3,"luup_w","they were paired with Niffites names and with Luupites names","they were paired with Niffites names and with Luupites names",1,1,TRUE,2,TRUE,2,TRUE
"80",192,"female",20,1,1,2,2,1,2,1,-0.3815,-0.5371,-0.1199,0.7194,0.7862,0.6992,"incompf","incompf",1,3,2,-3,-1,-2,"luup_w","they were paired with Niffites names and with Luupites names","they were paired with Niffites names and with Luupites names",1,1,TRUE,2,TRUE,2,TRUE
"81",196,"female",20,2,3,4,4,2.5,4,1.5,-0.1157,-0.5291,0.2887,0.7487,0.6864,0.856,"incompf","incompf",1,1,1,-3,-3,-3,"niff_w","they were paired with Niffites names","they were paired with Luupites names",1,1,TRUE,2,TRUE,2,TRUE
"82",197,"male",59,4,4,4,4,4,4,0,-1.2812,-1.3707,-1.3889,1.0084,1.0788,0.9695,"compf","compf",1,1,1,-3,-3,-3,"luup_w","they were paired with Niffites names","they were paired with Luupites names",1,1,TRUE,2,TRUE,2,TRUE
"83",200,"female",27,2,3,2,3,2.5,2.5,0,-0.422,-0.5473,-0.3341,0.4511,0.3118,0.6018,"incompf","incompf",1,1,1,-3,-3,-3,"luup_w","they were paired with Niffites names","they were paired with Luupites names",1,1,TRUE,2,TRUE,2,TRUE
"84",206,"male",21,1,1,3,3,1,3,2,-0.3585,-0.3248,-0.359,0.2831,-0.0178,0.6065,"compf","incompf",4,4,4,0,0,0,"luup_w","they were paired with Niffites names","they were paired with Luupites names",1,1,TRUE,2,TRUE,2,TRUE
"85",213,"female",21,2,3,2,2,2.5,2,-0.5,-0.3433,-0.2652,-0.4068,0.7187,0.6443,0.8416,"compf","compf",2,2,2,-2,-2,-2,"luup_w","they were paired with Niffites names","they were paired with Luupites names",1,1,TRUE,2,TRUE,2,TRUE
"86",214,"female",26,4,4,4,4,4,4,0,0.3896,0.3331,0.6175,0.8965,0.9946,0.9138,"compf","incompf",1,1,1,-3,-3,-3,"luup_w","they were paired with Niffites names","they were paired with Luupites names",1,1,TRUE,2,TRUE,2,TRUE
"87",219,"female",30,1,2,-2,-1,1.5,-1.5,-3,0.2481,0.3673,0.1122,1.0477,1.0829,1.2107,"incompf","compf",4,2,3,0,-2,-1,"niff_w","they were paired with Luupites names","they were paired with Niffites names",1,1,TRUE,2,TRUE,2,TRUE
"88",220,"female",20,4,4,4,4,4,4,0,0.2125,0.2772,0.1335,0.4994,0.3894,0.6676,"incompf","incompf",6,4,5,2,0,1,"niff_w","they were paired with Niffites names and with Luupites names","they were paired with Niffites names and with Luupites names",1,1,TRUE,2,TRUE,2,TRUE
"89",223,"female",47,2,2,3,3,2,3,1,-1.4817,-1.3739,-1.6805,0.3209,0.2515,0.4183,"incompf","compf",1,1,1,-3,-3,-3,"luup_w","they were paired with Niffites names and with Luupites names","they were paired with Niffites names and with Luupites names",1,1,TRUE,2,TRUE,2,TRUE
"90",224,"female",41,2,2,3,3,2,3,1,-1.1951,-1.139,-1.294,0.3353,0.5685,0.4525,"incompf","incompf",3,2,2.5,-1,-2,-1.5,"luup_w","they were paired with Niffites names","they were paired with Luupites names",1,1,TRUE,2,TRUE,2,TRUE
"91",226,"male",52,0,0,4,4,0,4,4,-1.0366,-0.9901,-1.0826,0.7672,0.5152,1.058,"compf","incompf",4,3,3.5,0,-1,-0.5,"niff_w","they were paired with Niffites names","they were paired with Luupites names",1,1,TRUE,2,TRUE,2,TRUE
"92",230,"female",20,4,4,3,4,4,3.5,-0.5,-0.3315,-0.143,-0.4798,0.1169,0.0123,0.1457,"compf","incompf",2,2,2,-2,-2,-2,"luup_w","they were paired with Niffites names","they were paired with Luupites names",1,1,TRUE,2,TRUE,2,TRUE
"93",231,"female",30,2,0,3,3,1,3,2,-0.4912,-0.2103,-0.8473,0.9902,0.955,1.0638,"incompf","compf",4,4,4,0,0,0,"luup_w","they were paired with Niffites names and with Luupites names","they were paired with Niffites names and with Luupites names",1,1,TRUE,2,TRUE,2,TRUE
"94",239,"male",20,-1,2,3,3,0.5,3,2.5,-0.4559,-0.5511,-0.3536,0.6417,0.4982,0.7993,"incompf","compf",1,1,1,-3,-3,-3,"luup_w","they were paired with Niffites names","they were paired with Luupites names",1,1,TRUE,2,TRUE,2,TRUE
"95",244,"male",47,4,4,3,3,4,3,-1,0.0069,0.1291,-0.0886,-0.2219,0.0352,-0.4436,"incompf","incompf",4,4,4,0,0,0,"niff_w","they were paired with Niffites names","they were paired with Luupites names",1,1,TRUE,2,TRUE,2,TRUE
"96",245,"female",55,3,3,3,3,3,3,0,-0.6058,-0.3229,-1.2147,0.7535,0.8229,0.6516,"compf","compf",1,1,1,-3,-3,-3,"luup_w","they were paired with Niffites names","they were paired with Luupites names",1,1,TRUE,2,TRUE,2,TRUE
"97",246,"female",20,-2,4,4,4,1,4,3,-0.4488,-0.3075,-0.6693,0.3333,0.3405,0.4234,"compf","incompf",1,1,1,-3,-3,-3,"luup_w","they were paired with Niffites names and with Luupites names","they were paired with Niffites names and with Luupites names",1,1,TRUE,2,TRUE,2,TRUE
"98",248,"male",31,-1,-1,3,3,-1,3,4,-0.6718,-0.7539,-0.7481,0.2797,0.3415,0.2239,"incompf","incompf",2,2,2,-2,-2,-2,"luup_w","they were paired with Niffites names and with Luupites names","they were paired with Niffites names and with Luupites names",1,1,TRUE,2,TRUE,2,TRUE
"99",250,"female",47,4,4,4,4,4,4,0,-0.3715,-0.2545,-0.496,0.2471,0.0803,0.3957,"compf","incompf",1,1,1,-3,-3,-3,"niff_w","they were paired with Niffites names and with Luupites names","they were paired with Niffites names and with Luupites names",1,1,TRUE,2,TRUE,2,TRUE
"100",252,"female",21,-1,1,4,4,0,4,4,-0.3433,-0.4196,-0.3452,0.5872,0.6715,0.5709,"incompf","incompf",2,2,2,-2,-2,-2,"niff_w","they were paired with Niffites names","they were paired with Luupites names",1,1,TRUE,2,TRUE,2,TRUE
"101",254,"male",46,2,2,3,3,2,3,1,-0.3791,-0.2457,-0.4939,0.8205,0.8167,0.8244,"compf","incompf",4,2,3,0,-2,-1,"luup_w","they were paired with Niffites names and with Luupites names","they were paired with Niffites names",1,1,TRUE,2,TRUE,2,TRUE
"102",257,"female",22,-3,-3,3,3,-3,3,6,0.2004,-0.0407,0.4309,0.8505,0.9847,0.8108,"compf","compf",1,6,3.5,-3,2,-0.5,"niff_w","they were paired with Niffites names","they were paired with Luupites names",1,1,TRUE,2,TRUE,2,TRUE
"103",258,"female",30,2,2,4,4,2,4,2,-0.3915,-0.2833,-0.5933,0.4477,0.4897,0.4283,"compf","incompf",4,4,4,0,0,0,"niff_w","I don’t remember","I don’t remember",1,1,TRUE,2,TRUE,2,TRUE
"104",263,"female",57,4,4,4,4,4,4,0,-1.4735,-1.5347,-1.3979,1.0945,0.9991,1.2225,"incompf","compf",1,2,1.5,-3,-2,-2.5,"luup_w","they were paired with Niffites names","they were paired with Luupites names",1,1,TRUE,2,TRUE,2,TRUE
"105",265,"female",46,4,4,4,4,4,4,0,-0.5749,-0.4511,-0.7213,-0.112,0.2776,-0.4428,"compf","compf",7,7,7,3,3,3,"niff_w","they were paired with Luupites names","they were paired with Niffites names",1,1,TRUE,2,TRUE,2,TRUE
"106",268,"female",40,1,0,4,4,0.5,4,3.5,-0.0011,0.0896,-0.0841,0.8925,1.0145,0.7618,"incompf","incompf",7,5,6,3,1,2,"niff_w","they were paired with Niffites names and with Luupites names","they were paired with Niffites names and with Luupites names",1,1,TRUE,2,TRUE,2,TRUE
"107",269,"male",47,3,3,3,3,3,3,0,-0.1446,-0.2755,-0.0678,0.2849,0.556,-0.1546,"compf","compf",6,6,6,2,2,2,"luup_w","they were paired with Niffites names and with Luupites names","they were paired with Niffites names and with Luupites names",1,1,TRUE,2,TRUE,2,TRUE
"108",271,"female",33,3,2,4,4,2.5,4,1.5,-1.0951,-1.1298,-1.1346,0.7,0.6844,0.6974,"incompf","compf",1,1,1,-3,-3,-3,"luup_w","they were paired with Niffites names and with Luupites names","they were paired with Niffites names and with Luupites names",1,1,TRUE,2,TRUE,2,TRUE
"109",273,"male",20,2,2,4,4,2,4,2,-0.9153,-0.6985,-1.0922,0.5689,0.9848,0.5372,"compf","compf",4,4,4,0,0,0,"niff_w","they were paired with Niffites names and with Luupites names","they were paired with Niffites names",1,1,TRUE,2,TRUE,2,TRUE
"110",274,"female",18,1,1,2,2,1,2,1,-0.0021,0.1004,-0.1706,0.8024,0.55,1.0246,"compf","incompf",6,6,6,2,2,2,"niff_w","they were paired with Luupites names","they were paired with Niffites names",1,1,TRUE,2,TRUE,2,TRUE
"111",275,"male",34,3,3,3,3,3,3,0,-0.2048,-0.4059,0.0214,0.1732,0.4317,0.0027,"incompf","compf",4,4,4,0,0,0,"niff_w","they were paired with Niffites names and with Luupites names","they were paired with Niffites names and with Luupites names",1,1,TRUE,2,TRUE,2,TRUE
"112",277,"female",37,3,3,4,4,3,4,1,-0.6693,-0.6355,-0.8235,0.7324,0.7886,0.6971,"compf","compf",3,3,3,-1,-1,-1,"luup_w","they were paired with Niffites names","they were paired with Luupites names",1,1,TRUE,2,TRUE,2,TRUE
"113",279,"female",27,2,2,4,4,2,4,2,-0.5242,-0.5399,-0.5171,0.7718,0.8323,0.7185,"incompf","compf",1,1,1,-3,-3,-3,"luup_w","they were paired with Niffites names","they were paired with Luupites names",1,1,TRUE,2,TRUE,2,TRUE
"114",280,"female",63,2,3,3,3,2.5,3,0.5,-0.5748,-0.4251,-0.7026,0.7287,0.9906,0.4916,"incompf","incompf",4,4,4,0,0,0,"luup_w","I don’t remember","I don’t remember",1,1,TRUE,2,TRUE,2,TRUE
"115",282,"female",29,4,4,4,4,4,4,0,-0.8483,-1.0476,-0.636,0.3172,-0.3767,0.7504,"compf","incompf",4,7,5.5,0,3,1.5,"niff_w","they were paired with Niffites names","they were paired with Luupites names",1,1,TRUE,2,TRUE,2,TRUE
"116",283,"female",23,4,4,4,4,4,4,0,0.9788,0.7987,1.2063,0.5516,0.5451,0.5503,"incompf","compf",7,7,7,3,3,3,"niff_w","they were paired with Luupites names","they were paired with Niffites names",1,1,TRUE,2,TRUE,2,TRUE
"117",285,"male",30,4,4,3,3,4,3,-1,-0.2813,-0.4625,-0.1761,0.7244,0.7566,0.73,"compf","compf",4,3,3.5,0,-1,-0.5,"luup_w","they were paired with Luupites names","they were paired with Niffites names and with Luupites names",1,1,TRUE,2,TRUE,2,TRUE
"118",286,"male",18,3,3,3,3,3,3,0,-0.3526,-0.569,-0.0644,0.5836,0.7108,0.5117,"compf","incompf",2,2,2,-2,-2,-2,"luup_w","they were paired with Niffites names","they were paired with Luupites names",1,1,TRUE,2,TRUE,2,TRUE
"119",287,"male",20,2,4,3,3,3,3,0,-0.6212,-0.3584,-0.9848,0.2277,0.259,0.2147,"incompf","compf",1,2,1.5,-3,-2,-2.5,"luup_w","they were paired with Niffites names","they were paired with Luupites names",1,1,TRUE,2,TRUE,2,TRUE
"120",292,"male",50,3,3,3,3,3,3,0,-0.552,-0.8258,-0.2328,0.6806,0.6986,0.6867,"incompf","incompf",1,1,1,-3,-3,-3,"niff_w","they were paired with Niffites names","they were paired with Luupites names",1,1,TRUE,2,TRUE,2,TRUE
"121",294,"female",20,-2,-2,3,2,-2,2.5,4.5,-0.0227,-0.2005,0.1856,0.5211,0.4148,0.7703,"compf","incompf",1,1,1,-3,-3,-3,"luup_w","they were paired with Niffites names","they were paired with Luupites names",1,1,TRUE,2,TRUE,2,TRUE
"122",295,"male",24,3,3,3,3,3,3,0,-0.6851,-0.6166,-0.8095,-0.3545,-0.3781,-0.3682,"incompf","compf",2,2,2,-2,-2,-2,"luup_w","they were paired with Niffites names","they were paired with Niffites names and with Luupites names",1,1,TRUE,2,TRUE,2,TRUE
"123",297,"male",27,3,3,3,3,3,3,0,0.4977,0.6238,0.3475,0.4552,0.4321,0.6831,"compf","compf",6,6,6,2,2,2,"niff_w","they were paired with Luupites names","they were paired with Niffites names",1,1,TRUE,2,TRUE,2,TRUE
"124",299,"male",33,3,3,2,2,3,2,-1,-0.0846,0.1028,-0.3504,0.0457,-0.2403,0.2073,"incompf","compf",5,5,5,1,1,1,"niff_w","they were paired with Luupites names","they were paired with Niffites names",1,1,TRUE,2,TRUE,2,TRUE
"125",301,"male",25,4,4,2,2,4,2,-2,0.2812,0.2927,0.2958,0.1725,0.1052,0.2175,"compf","compf",6,6,6,2,2,2,"luup_w","they were paired with Niffites names and with Luupites names","they were paired with Niffites names and with Luupites names",1,1,TRUE,2,TRUE,2,TRUE
"126",302,"female",40,4,4,4,4,4,4,0,-1.3055,-1.2364,-1.3813,0.9392,0.9127,0.9616,"compf","incompf",2,4,3,-2,0,-1,"luup_w","they were paired with Niffites names","they were paired with Luupites names",1,1,TRUE,2,TRUE,2,TRUE
"127",305,"male",21,4,4,4,4,4,4,0,-0.4002,-0.3158,-0.514,0.2317,-0.0757,0.633,"compf","compf",1,1,1,-3,-3,-3,"niff_w","they were paired with Niffites names","they were paired with Luupites names",1,1,TRUE,2,TRUE,2,TRUE
"128",309,"male",31,2,2,2,2,2,2,0,-0.2445,-0.1941,-0.2597,-0.5193,-0.2233,-0.9171,"compf","compf",3,4,3.5,-1,0,-0.5,"luup_w","I don’t remember","I don’t remember",1,1,TRUE,2,TRUE,2,TRUE
"129",310,"male",23,1,-1,3,3,0,3,3,0.0193,0.0529,-0.0632,0.5069,0.6551,0.3737,"compf","incompf",4,4,4,0,0,0,"luup_w","they were paired with Niffites names and with Luupites names","they were paired with Niffites names and with Luupites names",1,1,TRUE,2,TRUE,2,TRUE
"130",311,"female",29,4,4,3,3,4,3,-1,-0.1061,0.0236,-0.2216,1.0292,1.0792,0.9672,"incompf","compf",2,1,1.5,-2,-3,-2.5,"luup_w","they were paired with Niffites names","they were paired with Luupites names",1,1,TRUE,2,TRUE,2,TRUE
"131",312,"male",35,3,3,0,1,3,0.5,-2.5,-0.8581,-0.9361,-0.8625,0.4674,0.6675,0.3409,"incompf","incompf",2,2,2,-2,-2,-2,"luup_w","they were paired with Niffites names","they were paired with Luupites names",1,1,TRUE,2,TRUE,2,TRUE
"132",315,"male",20,2,2,3,3,2,3,1,0.2941,0.3044,0.3074,0.4914,0.3431,0.7222,"incompf","compf",6,5,5.5,2,1,1.5,"niff_w","they were paired with Luupites names","they were paired with Niffites names",1,1,TRUE,2,TRUE,2,TRUE
"133",316,"male",20,3,4,3,4,3.5,3.5,0,-0.6732,-0.89,-0.4745,0.3462,0.6952,0.0254,"incompf","incompf",1,1,1,-3,-3,-3,"niff_w","they were paired with Niffites names and with Luupites names","I don’t remember",1,1,TRUE,2,TRUE,2,TRUE
"134",319,"female",22,3,3,3,3,3,3,0,-0.3438,-0.3503,-0.4007,0.8502,0.9108,0.8975,"incompf","compf",1,1,1,-3,-3,-3,"luup_w","they were paired with Niffites names and with Luupites names","they were paired with Niffites names and with Luupites names",1,1,TRUE,2,TRUE,2,TRUE
"135",320,"female",63,4,4,4,4,4,4,0,-0.3399,-0.6211,-0.6158,0.773,0.679,0.9589,"incompf","incompf",4,4,4,0,0,0,"luup_w","they were paired with Niffites names and with Luupites names","they were paired with Luupites names",1,1,TRUE,2,TRUE,2,TRUE
"136",321,"female",48,3,3,3,3,3,3,0,0.8746,1.0462,0.8574,0.1759,0.3315,0.3297,"compf","compf",6,6,6,2,2,2,"niff_w","they were paired with Luupites names","they were paired with Niffites names",1,1,TRUE,2,TRUE,2,TRUE
"137",322,"female",37,-2,-2,2,2,-2,2,4,-0.0537,-0.2409,0.1088,0.4676,0.3391,0.5664,"compf","incompf",3,3,3,-1,-1,-1,"niff_w","I don’t remember","they were paired with Niffites names and with Luupites names",1,1,TRUE,2,TRUE,2,TRUE
"138",324,"female",28,0,0,1,2,0,1.5,1.5,-0.4619,-0.6327,-0.322,1.0479,0.8458,1.2439,"incompf","incompf",1,1,1,-3,-3,-3,"niff_w","they were paired with Niffites names and with Luupites names","they were paired with Niffites names and with Luupites names",1,1,TRUE,2,TRUE,2,TRUE
"139",326,"female",43,2,2,4,4,2,4,2,-0.2844,-0.2377,-0.3495,0.7103,0.7048,0.779,"compf","incompf",1,1,1,-3,-3,-3,"luup_w","they were paired with Niffites names","they were paired with Luupites names",1,1,TRUE,2,TRUE,2,TRUE
"140",329,"female",21,1,2,4,3,1.5,3.5,2,-0.1414,0.0219,-0.3237,0.7311,0.672,0.8453,"compf","compf",6,6,6,2,2,2,"niff_w","they were paired with Niffites names and with Luupites names","they were paired with Niffites names and with Luupites names",1,1,TRUE,2,TRUE,2,TRUE
"141",330,"female",40,4,4,4,4,4,4,0,0.8301,1.0018,0.7639,0.342,-0.1687,0.726,"compf","incompf",7,7,7,3,3,3,"niff_w","they were paired with Niffites names and with Luupites names","they were paired with Niffites names and with Luupites names",1,1,TRUE,2,TRUE,2,TRUE
"142",331,"male",21,4,4,3,4,4,3.5,-0.5,-0.5634,-0.4747,-0.6777,0.9557,1.123,0.7564,"incompf","compf",2,1,1.5,-2,-3,-2.5,"niff_w","they were paired with Niffites names and with Luupites names","they were paired with Niffites names and with Luupites names",1,1,TRUE,2,TRUE,2,TRUE
"143",333,"male",44,4,4,2,3,4,2.5,-1.5,-0.674,-0.6038,-0.7427,0.075,0.036,0.0964,"compf","compf",4,4,4,0,0,0,"luup_w","they were paired with Niffites names","they were paired with Niffites names and with Luupites names",1,1,TRUE,2,TRUE,2,TRUE
"144",334,"female",57,4,4,4,4,4,4,0,-0.0947,0.1702,-0.4235,0.6722,0.4243,0.9333,"compf","incompf",5,5,5,1,1,1,"luup_w","they were paired with Niffites names and with Luupites names","they were paired with Niffites names and with Luupites names",1,1,TRUE,2,TRUE,2,TRUE
"145",344,"male",38,3,3,4,4,3,4,1,-0.7392,-0.7817,-0.7219,0.5,0.7513,0.3606,"incompf","incompf",2,2,2,-2,-2,-2,"luup_w","they were paired with Niffites names and with Luupites names","they were paired with Niffites names and with Luupites names",1,1,TRUE,2,TRUE,2,TRUE
"146",345,"female",21,3,3,4,4,3,4,1,-0.0579,-0.3438,0.2571,0.994,1.0947,0.9103,"compf","compf",7,7,7,3,3,3,"niff_w","I don’t remember","I don’t remember",1,1,TRUE,2,TRUE,2,TRUE
"147",348,"female",22,3,2,3,3,2.5,3,0.5,0.0093,0.0734,-0.2185,0.7655,0.7557,0.7719,"incompf","incompf",3,5,4,-1,1,0,"niff_w","they were paired with Niffites names and with Luupites names","they were paired with Niffites names and with Luupites names",1,1,TRUE,2,TRUE,2,TRUE
"148",349,"male",27,3,3,3,3,3,3,0,-0.5498,-0.3172,-0.6909,1.3419,1.3048,1.3726,"compf","compf",4,4,4,0,0,0,"luup_w","they were paired with Niffites names and with Luupites names","they were paired with Niffites names and with Luupites names",1,1,TRUE,2,TRUE,2,TRUE
"149",352,"male",33,3,3,0,0,3,0,-3,0.4874,0.1569,0.7667,-1.0911,-1.2391,-0.9442,"incompf","incompf",4,4,4,0,0,0,"luup_w","I don’t remember","I don’t remember",1,1,TRUE,2,TRUE,2,TRUE
"150",353,"female",24,-2,-2,3,3,-2,3,5,-0.1817,0.1361,-0.4841,0.8944,1.0871,0.6693,"compf","compf",5,5,5,1,1,1,"niff_w","they were paired with Luupites names","they were paired with Niffites names",1,1,TRUE,2,TRUE,2,TRUE
"151",357,"male",21,4,4,3,3,4,3,-1,0.8784,0.6492,1.0781,0.3856,0.3357,0.4575,"compf","compf",4,7,5.5,0,3,1.5,"luup_w","they were paired with Niffites names and with Luupites names","they were paired with Niffites names and with Luupites names",1,1,TRUE,2,TRUE,2,TRUE
"152",360,"male",38,4,4,4,4,4,4,0,0.3317,0.3632,0.1785,0.177,0.1567,0.2447,"incompf","incompf",7,2,4.5,3,-2,0.5,"luup_w","they were paired with Luupites names","they were paired with Niffites names",1,1,TRUE,2,TRUE,2,TRUE
"153",361,"female",21,4,4,4,4,4,4,0,0.6751,0.599,0.923,0.2336,0.4457,0.1815,"compf","compf",2,2,2,-2,-2,-2,"niff_w","they were paired with Niffites names and with Luupites names","they were paired with Niffites names and with Luupites names",1,1,TRUE,2,TRUE,2,TRUE
"154",362,"female",42,3,3,3,3,3,3,0,-0.5094,-0.6378,-0.4449,0.4695,0.2862,0.642,"compf","incompf",2,2,2,-2,-2,-2,"niff_w","they were paired with Niffites names","they were paired with Luupites names",1,1,TRUE,2,TRUE,2,TRUE
"155",363,"female",29,3,4,4,4,3.5,4,0.5,-0.6332,-0.8805,-0.4224,0.3909,0.4699,0.3916,"incompf","compf",1,1,1,-3,-3,-3,"niff_w","they were paired with Niffites names","they were paired with Luupites names",1,1,TRUE,2,TRUE,2,TRUE
"156",366,"male",33,0,3,3,3,1.5,3,1.5,-0.912,-0.7203,-1.1281,0.9121,0.9403,0.8782,"compf","incompf",1,1,1,-3,-3,-3,"luup_w","they were paired with Niffites names","they were paired with Luupites names",1,1,TRUE,2,TRUE,2,TRUE
"157",367,"male",41,4,4,4,4,4,4,0,-0.4213,-0.2337,-0.6083,0.1101,0.2529,-0.0327,"incompf","compf",2,2,2,-2,-2,-2,"luup_w","they were paired with Niffites names and with Luupites names","they were paired with Niffites names and with Luupites names",1,1,TRUE,2,TRUE,2,TRUE
"158",368,"female",34,4,4,4,4,4,4,0,-0.3311,-0.279,-0.3404,0.4577,0.3094,0.7683,"incompf","incompf",3,3,3,-1,-1,-1,"luup_w","they were paired with Niffites names and with Luupites names","they were paired with Niffites names and with Luupites names",1,1,TRUE,2,TRUE,2,TRUE
"159",370,"female",55,4,4,4,4,4,4,0,1.2985,1.2099,1.3726,0.943,0.7588,1.0947,"compf","incompf",6,6,6,2,2,2,"niff_w","they were paired with Luupites names","they were paired with Niffites names",1,1,TRUE,2,TRUE,2,TRUE
"160",373,"female",28,1,1,2,2,1,2,1,-0.7458,-0.5171,-1.1424,0.3429,0.7193,0.1609,"compf","compf",1,1,1,-3,-3,-3,"luup_w","they were paired with Niffites names","they were paired with Luupites names",1,1,TRUE,2,TRUE,2,TRUE
"161",374,"female",49,2,3,3,3,2.5,3,0.5,-0.6597,-0.7638,-0.5631,0.7189,0.6723,0.7576,"compf","incompf",1,1,1,-3,-3,-3,"luup_w","they were paired with Niffites names","they were paired with Luupites names",1,1,TRUE,2,TRUE,2,TRUE
"162",376,"female",18,-2,-2,2,2,-2,2,4,0.1645,0.276,0.0861,0.2177,0.1656,0.23,"incompf","incompf",2,2,2,-2,-2,-2,"luup_w","they were paired with Niffites names","they were paired with Luupites names",1,1,TRUE,2,TRUE,2,TRUE
"163",378,"female",38,1,2,3,3,1.5,3,1.5,1.0575,0.9392,1.1571,1.3116,1.2285,1.3775,"compf","incompf",7,7,7,3,3,3,"niff_w","they were paired with Niffites names and with Luupites names","they were paired with Niffites names and with Luupites names",1,1,TRUE,2,TRUE,2,TRUE
"164",380,"male",63,2,2,4,3,2,3.5,1.5,-1.1799,-1.289,-1.1149,0.4271,0.238,0.6259,"incompf","incompf",1,1,1,-3,-3,-3,"niff_w","they were paired with Niffites names","they were paired with Luupites names",1,1,TRUE,2,TRUE,2,TRUE
"165",386,"male",49,3,3,3,3,3,3,0,-0.2587,-0.414,-0.1052,0.4251,0.1201,0.6964,"compf","incompf",2,2,2,-2,-2,-2,"niff_w","they were paired with Luupites names","they were paired with Niffites names",1,1,TRUE,2,TRUE,2,TRUE
"166",387,"male",35,4,3,4,3,3.5,3.5,0,0.1254,0.1883,0.2216,-0.0935,-0.1886,0.0607,"incompf","compf",4,4,4,0,0,0,"niff_w","they were paired with Luupites names","they were paired with Niffites names",1,1,TRUE,2,TRUE,2,TRUE
"167",388,"male",51,3,4,0,2,3.5,1,-2.5,-0.535,-0.0901,-0.9774,0.6966,0.5875,0.7784,"incompf","incompf",1,1,1,-3,-3,-3,"niff_w","they were paired with Niffites names","they were paired with Luupites names",1,1,TRUE,2,TRUE,2,TRUE
"168",402,"male",25,3,3,4,4,3,4,1,-0.1748,0.0731,-0.543,0.5526,0.5016,0.6338,"compf","incompf",5,4,4.5,1,0,0.5,"niff_w","they were paired with Niffites names and with Luupites names","they were paired with Niffites names and with Luupites names",1,1,TRUE,2,TRUE,2,TRUE
"169",403,"female",49,4,4,4,4,4,4,0,0.7023,0.6615,0.8417,0.7862,0.6385,0.934,"incompf","compf",7,7,7,3,3,3,"niff_w","they were paired with Niffites names and with Luupites names","they were paired with Niffites names and with Luupites names",1,1,TRUE,2,TRUE,2,TRUE
"170",404,"male",51,2,0,4,4,1,4,3,0.3971,-0.1712,0.7157,0.5953,0.6232,0.6354,"incompf","incompf",7,7,7,3,3,3,"niff_w","they were paired with Luupites names","they were paired with Niffites names",1,1,TRUE,2,TRUE,2,TRUE
"171",407,"male",42,4,4,4,4,4,4,0,0.6289,0.0654,1.2709,0.7851,1.1671,0.3203,"incompf","compf",4,4,4,0,0,0,"luup_w","they were paired with Luupites names","they were paired with Niffites names",1,1,TRUE,2,TRUE,2,TRUE
"172",408,"male",39,3,3,3,3,3,3,0,0.4346,0.003,0.7299,0.2094,0.0772,0.4461,"incompf","incompf",4,4,4,0,0,0,"luup_w","they were paired with Luupites names","they were paired with Niffites names and with Luupites names",1,1,TRUE,2,TRUE,2,TRUE
"173",410,"female",28,3,3,4,4,3,4,1,0.4118,0.5081,0.2547,0.6828,0.8064,0.5954,"compf","incompf",5,5,5,1,1,1,"niff_w","they were paired with Luupites names","they were paired with Niffites names",1,1,TRUE,2,TRUE,2,TRUE
"174",411,"male",33,4,4,4,4,4,4,0,0.7534,0.701,0.7758,0.6081,0.9789,0.3203,"incompf","compf",4,4,4,0,0,0,"niff_w","they were paired with Luupites names","they were paired with Niffites names",1,1,TRUE,2,TRUE,2,TRUE
"175",413,"female",36,2,3,3,3,2.5,3,0.5,-0.6148,-0.781,-0.4641,1.1578,1.3036,1.0272,"compf","compf",1,1,1,-3,-3,-3,"luup_w","they were paired with Niffites names","they were paired with Luupites names",1,1,TRUE,2,TRUE,2,TRUE
"176",416,"female",36,4,4,4,4,4,4,0,-0.3927,-0.4758,-0.3212,0.691,0.6883,0.7881,"incompf","incompf",4,4,4,0,0,0,"luup_w","they were paired with Niffites names","they were paired with Luupites names",1,1,TRUE,2,TRUE,2,TRUE
"177",418,"male",47,4,4,4,4,4,4,0,0.956,0.9322,0.9784,0.0887,-0.0308,0.1636,"compf","incompf",5,5,5,1,1,1,"niff_w","they were paired with Luupites names","they were paired with Niffites names",1,1,TRUE,2,TRUE,2,TRUE
"178",421,"male",37,4,4,4,4,4,4,0,0.5695,0.6478,0.3832,-0.1535,-0.556,0.0527,"compf","compf",1,1,1,-3,-3,-3,"luup_w","they were paired with Niffites names","they were paired with Luupites names",1,1,TRUE,2,TRUE,2,TRUE
"179",422,"female",23,4,4,3,3,4,3,-1,-0.2842,-0.4658,-0.1852,0.6676,0.3462,0.9346,"compf","incompf",4,4,4,0,0,0,"luup_w","they were paired with Niffites names and with Luupites names","they were paired with Niffites names and with Luupites names",1,1,TRUE,2,TRUE,2,TRUE
"180",428,"male",42,4,4,4,4,4,4,0,0.4212,-0.0532,0.8363,0.9531,1.0969,0.8889,"incompf","incompf",4,4,4,0,0,0,"niff_w","they were paired with Niffites names and with Luupites names","they were paired with Niffites names and with Luupites names",1,1,TRUE,2,TRUE,2,TRUE
"181",429,"female",22,4,4,4,4,4,4,0,-0.2219,-0.1699,-0.2723,0.2194,0.1963,0.1972,"compf","compf",7,7,7,3,3,3,"luup_w","they were paired with Luupites names","they were paired with Niffites names",1,1,TRUE,2,TRUE,2,TRUE
"182",430,"male",35,4,0,-4,0,2,-2,-4,0.346,0.2124,0.4069,0.0443,0.0429,0.0548,"compf","incompf",1,1,1,-3,-3,-3,"luup_w","they were paired with Niffites names and with Luupites names","they were paired with Niffites names and with Luupites names",1,1,TRUE,2,TRUE,2,TRUE
"183",431,"male",25,3,3,2,2,3,2,-1,0.4495,0.1539,0.7146,0.6637,0.8788,0.3896,"incompf","compf",4,7,5.5,0,3,1.5,"luup_w","they were paired with Niffites names and with Luupites names","they were paired with Niffites names and with Luupites names",1,1,TRUE,2,TRUE,2,TRUE
"184",432,"male",32,4,4,4,4,4,4,0,-0.6456,-0.4705,-0.7997,0.8116,0.8553,0.7672,"incompf","incompf",7,6,6.5,3,2,2.5,"luup_w","they were paired with Luupites names","they were paired with Luupites names",1,1,TRUE,2,TRUE,2,TRUE
"185",433,"male",46,3,3,1,1,3,1,-2,0.157,0.2366,0.1132,-0.8156,-0.8906,-0.7566,"compf","compf",4,4,4,0,0,0,"niff_w","they were paired with Niffites names and with Luupites names","they were paired with Niffites names and with Luupites names",1,1,TRUE,2,TRUE,2,TRUE
"186",435,"female",24,3,3,3,3,3,3,0,-0.254,-0.3622,-0.3251,0.6965,0.8347,0.5758,"incompf","compf",2,2,2,-2,-2,-2,"niff_w","they were paired with Niffites names and with Luupites names","they were paired with Niffites names and with Luupites names",1,1,TRUE,2,TRUE,2,TRUE
