"","subject","sex_response","age_response","Comp_pn","Comp_gb","Warm_pn","Warm_gb","expComp","expWarm","valExplicit","steIAT","steIATodd","steIATeven","valIAT","valIATodd","valIATeven","sblock_order","block_order","warm_s","comp_s","stExplicit","warm_s1","comp_s1","stExplicit1","condition","mem_c_response","mem_w_response","ok","finish","finishok","nrspexp","expok","nrspiat","iatok","assignment","sIATorder","valenceIAT","valenceExplicit","warm_ok","comp_ok","cont_ok","imp","exp","zimp","zexp"
"1",9,"male",36,-1,-2,2,3,-1.5,2.5,4,0.3046,0.3941,0.2676,0.9147,1.0848,0.8214,"compf","compf",5,5,5,1,1,1,"niff_w","they were paired with Luupites names","they were paired with Niffites names",1,1,TRUE,2,TRUE,2,TRUE,"niff_w","compf",0.953633529284875,2.01340346544576,1,1,1,0.3046,1,0.838583938497365,0.711946602413365
"2",14,"male",56,-1,2,2,2,0.5,2,1.5,-0.9296,-0.9845,-1.131,0.0295,0.2022,-0.0953,"compf","incompf",1,1,1,-3,-3,-3,"luup_w","they were paired with Niffites names","they were paired with Luupites names",1,1,TRUE,2,TRUE,2,TRUE,"luup_w","compf",-1.32565786504427,0.524957342341978,1,1,1,-0.9296,-3,-1.35176332220434,-1.2944483680243
"3",15,"male",27,2,2,3,3,2,3,1,-0.9599,-0.9493,-0.956,0.85,0.6958,1.0088,"incompf","compf",1,1,1,-3,-3,-3,"luup_w","they were paired with Niffites names","they were paired with Luupites names",1,1,TRUE,2,TRUE,2,TRUE,"luup_w","incompf",0.787038236454898,0.227268117721222,1,1,1,-0.9599,-3,-1.40553703959152,-1.2944483680243
"4",19,"female",33,2,2,4,4,2,4,2,-0.3752,-0.2321,-0.6118,0.254,0.472,0.0782,"incompf","compf",3,3,3,-1,-1,-1,"niff_w","they were paired with Niffites names","they were paired with Luupites names",1,1,TRUE,2,TRUE,2,TRUE,"niff_w","incompf",-0.747595372921704,0.822646566962734,0,0,0,-0.3752,-1,-0.367864017931913,-0.291250882805468
"5",20,"male",18,4,3,2,3,3.5,2.5,-1,-0.5317,-0.3944,-0.6691,0.7479,0.797,0.7642,"incompf","incompf",1,1,1,-3,-3,-3,"niff_w","they were paired with Niffites names","they were paired with Niffites names",1,1,TRUE,2,TRUE,2,TRUE,"niff_w","incompf",0.524142109747933,-0.963488780761801,1,0,0,-0.5317,-3,-0.645606155591787,-1.2944483680243
"6",21,"female",47,4,4,4,4,4,4,0,-0.7776,-0.6334,-1.0544,1.007,0.8728,1.1484,"compf","compf",1,1,1,-3,-3,-3,"luup_w","they were paired with Niffites names and with Luupites names","they were paired with Niffites names and with Luupites names",1,1,TRUE,2,TRUE,2,TRUE,"luup_w","compf",1.19129574764974,-0.36811033152029,0,0,0,-0.7776,-3,-1.08200738019602,-1.2944483680243
"7",22,"female",26,3,3,2,2,3,2,-1,-0.3306,-0.5375,-0.0793,0.5959,0.5827,0.5971,"compf","incompf",2,2,2,-2,-2,-2,"luup_w","they were paired with Niffites names and with Luupites names","they were paired with Niffites names and with Luupites names",1,1,TRUE,2,TRUE,2,TRUE,"luup_w","compf",0.132759041584773,-0.963488780761801,0,0,0,-0.3306,-2,-0.288711945474211,-0.792849625414884
"8",26,"male",23,2,2,4,2,2,3,1,-0.5093,-0.1847,-0.7748,-0.496,-0.4623,-0.5351,"compf","incompf",6,3,4.5,2,-1,0.5,"niff_w","I don’t remember","they were paired with Niffites names and with Luupites names",1,1,TRUE,2,TRUE,2,TRUE,"niff_w","compf",-2.67876182767414,0.227268117721222,0,0,0,-0.5093,0.5,-0.605852648348457,0.461147231108657
"9",30,"female",21,2,2,2,2,2,2,0,-0.4179,-0.2858,-0.73,0.3817,0.0396,0.5832,"compf","incompf",2,2,2,-2,-2,-2,"luup_w","they were paired with Niffites names","they were paired with Luupites names",1,1,TRUE,2,TRUE,2,TRUE,"luup_w","compf",-0.418782097892523,-0.36811033152029,1,1,1,-0.4179,-2,-0.443644141114512,-0.792849625414884
"10",33,"male",22,3,4,4,3,3.5,3.5,0,0.7646,0.7461,0.8987,0.7358,1.0887,0.374,"compf","compf",6,6,6,2,2,2,"niff_w","they were paired with Niffites names and with Luupites names","they were paired with Niffites names and with Luupites names",1,1,TRUE,2,TRUE,2,TRUE,"niff_w","compf",0.492985957611261,-0.36811033152029,0,0,0,0.7646,2,1.65495060510147,1.21354534502278
"11",34,"female",22,3,2,4,3,2.5,3.5,1,-0.3664,-0.3713,-0.4447,0.4094,0.6058,0.2625,"compf","incompf",4,4,4,0,0,0,"niff_w","I don’t remember","I don’t remember",1,1,TRUE,2,TRUE,2,TRUE,"niff_w","compf",-0.347457683496999,0.227268117721222,0,0,0,-0.3664,0,-0.352246568657748,0.210347859803949
"12",36,"male",36,4,4,4,4,4,4,0,-0.9923,-0.7911,-1.1807,0.4965,0.5021,0.4727,"incompf","incompf",4,4,4,0,0,0,"niff_w","they were paired with Niffites names and with Luupites names","they were paired with Niffites names",1,1,TRUE,2,TRUE,2,TRUE,"niff_w","incompf",-0.123184885885083,-0.36811033152029,1,0,0,-0.9923,0,-1.46303764828276,0.210347859803949
"13",37,"female",23,0,0,3,4,0,3.5,3.5,0.3259,0.3477,0.4168,1.0668,1.2138,0.9192,"compf","compf",4,4,4,0,0,0,"luup_w","they were paired with Niffites names and with Luupites names","they were paired with Niffites names and with Luupites names",1,1,TRUE,2,TRUE,2,TRUE,"luup_w","compf",1.34527408630867,1.715714240825,0,0,0,0.3259,0,0.876385264581425,0.210347859803949
"14",38,"female",37,4,4,3,3,4,3,-1,0.2466,0.2558,0.2577,-0.0305,0.0449,-0.0751,"compf","incompf",5,5,5,1,1,1,"luup_w","they were paired with Niffites names and with Luupites names","they were paired with Niffites names and with Luupites names",1,1,TRUE,2,TRUE,2,TRUE,"luup_w","compf",-1.48015118142446,-0.963488780761801,0,0,0,0.2466,1,0.735650750099457,0.711946602413365
"15",39,"female",33,4,4,3,4,4,3.5,-0.5,-0.0504,0.1944,-0.3233,1.0356,0.9738,1.0993,"incompf","compf",4,4,4,0,0,0,"luup_w","I don’t remember","I don’t remember",1,1,TRUE,2,TRUE,2,TRUE,"luup_w","incompf",1.26493756179097,-0.665799556141045,0,0,0,-0.0504,0,0.208561837096374,0.210347859803949
"16",43,"male",28,-1,-2,2,3,-1.5,2.5,4,0.5063,0.476,0.8526,0.8789,0.8027,1.0273,"incompf","compf",4,6,5,0,2,1,"niff_w","they were paired with Niffites names and with Luupites names","they were paired with Niffites names",1,1,TRUE,2,TRUE,2,TRUE,"niff_w","incompf",0.861452517178026,2.01340346544576,1,0,0,0.5063,1,1.19654297470182,0.711946602413365
"17",44,"male",21,3,3,3,3,3,3,0,0.1414,0.1002,0.19,0.2774,0.5936,-0.0649,"incompf","incompf",7,7,7,3,3,3,"niff_w","I don’t remember","they were paired with Niffites names",1,1,TRUE,2,TRUE,2,TRUE,"niff_w","incompf",-0.687342979533428,-0.36811033152029,1,0,0,0.1414,3,0.548951242867389,1.7151440876322
"18",45,"male",23,0,0,0,0,0,0,0,-0.307,-0.1289,-0.5346,0.661,0.8002,0.4736,"compf","compf",4,4,4,0,0,0,"luup_w","they were paired with Niffites names and with Luupites names","they were paired with Niffites names and with Luupites names",1,1,TRUE,2,TRUE,2,TRUE,"luup_w","compf",0.300384289857285,-0.36811033152029,0,0,0,-0.307,0,-0.246828786057131,0.210347859803949
"19",46,"female",21,4,3,4,4,3.5,4,0.5,0.1793,0.3019,0.0204,0.6265,0.5621,0.7114,"compf","incompf",1,1,1,-3,-3,-3,"luup_w","they were paired with Niffites names","they were paired with Luupites names",1,1,TRUE,2,TRUE,2,TRUE,"luup_w","compf",0.211550632938672,-0.0704211068995337,1,1,1,0.1793,-3,0.616212757354987,-1.2944483680243
"20",48,"female",20,2,3,4,4,2.5,4,1.5,-0.1771,-0.2773,-0.0685,1.0218,0.9798,1.0929,"incompf","incompf",2,2,2,-2,-2,-2,"luup_w","they were paired with Niffites names","they were paired with Niffites names and with Luupites names",1,1,TRUE,2,TRUE,2,TRUE,"luup_w","incompf",1.22940409902352,0.524957342341978,0,1,0,-0.1771,-2,-0.0162939382487123,-0.792849625414884
"21",49,"male",19,3,3,3,3,3,3,0,0.1283,0.0617,0.3175,0.796,0.7291,0.8615,"compf","compf",6,2,4,2,-2,0,"niff_w","they were paired with Luupites names","they were paired with Niffites names",1,1,TRUE,2,TRUE,2,TRUE,"niff_w","compf",0.647994251712723,-0.36811033152029,1,1,1,0.1283,0,0.52570253997062,0.210347859803949
"22",54,"male",28,3,2,4,3,2.5,3.5,1,-0.4587,-0.4282,-0.5458,0.3879,0.6481,0.1503,"compf","incompf",6,5,5.5,2,1,1.5,"luup_w","they were paired with Luupites names","they were paired with Niffites names",1,1,TRUE,2,TRUE,2,TRUE,"luup_w","compf",-0.402817788533236,0.227268117721222,0,0,0,-0.4587,1.5,-0.516052315022006,0.962745973718073
"23",56,"male",23,3,3,4,4,3,4,1,-0.0414,0.0933,-0.0362,0.987,0.9801,1.0219,"incompf","incompf",1,2,1.5,-3,-2,-2.5,"luup_w","they were paired with Niffites names","they were paired with Niffites names and with Luupites names",1,1,TRUE,2,TRUE,2,TRUE,"luup_w","incompf",1.13979797552301,0.227268117721222,0,1,0,-0.0414,-2.5,0.224534228399498,-1.04364899671959
"24",57,"male",19,4,4,4,4,4,4,0,0.1072,-0.0154,0.2758,0.4301,0.5964,0.4246,"compf","compf",6,6,6,2,2,2,"niff_w","they were paired with Luupites names","they were paired with Niffites names and with Luupites names",1,1,TRUE,2,TRUE,2,TRUE,"niff_w","compf",-0.294157489345832,-0.36811033152029,0,1,0,0.1072,2,0.488256155915518,1.21354534502278
"25",58,"female",23,3,3,4,4,3,4,1,0.0958,-0.0036,0.2557,1.1447,1.0189,1.262,"compf","incompf",7,7,7,3,3,3,"niff_w","they were paired with Niffites names and with Luupites names","they were paired with Niffites names and with Luupites names",1,1,TRUE,2,TRUE,2,TRUE,"niff_w","compf",1.54585790874229,0.227268117721222,0,0,0,0.0958,3,0.468024460264895,1.7151440876322
"26",61,"female",25,4,4,4,3,4,3.5,-0.5,0.3644,0.0591,0.5431,0.8009,0.9215,0.7856,"compf","compf",4,7,5.5,0,3,1.5,"luup_w","they were paired with Luupites names","I don’t remember",1,1,TRUE,2,TRUE,2,TRUE,"luup_w","compf",0.660611205883772,-0.665799556141045,0,0,0,0.3644,1.5,0.944711605155899,0.962745973718073
"27",63,"male",29,3,4,3,4,3.5,3.5,0,-0.0678,-0.1973,0.0368,-0.0305,-0.6095,0.2932,"incompf","compf",2,2,2,-2,-2,-2,"luup_w","they were paired with Niffites names","they were paired with Luupites names",1,1,TRUE,2,TRUE,2,TRUE,"luup_w","incompf",-1.48015118142446,-0.36811033152029,1,1,1,-0.0678,-2,0.177681880577001,-0.792849625414884
"28",68,"male",21,-1,-1,2,2,-1,2,3,0.1857,0.0406,0.3952,0.539,0.2479,0.936,"incompf","incompf",4,5,4.5,0,1,0.5,"niff_w","I don’t remember","I don’t remember",1,1,TRUE,2,TRUE,2,TRUE,"niff_w","incompf",-0.0137521201157783,1.41802501620425,0,0,0,0.1857,0.5,0.627570902281653,0.461147231108657
"29",70,"male",20,4,4,4,4,4,4,0,0.7328,0.8707,0.64,0.475,0.5169,0.4395,"compf","incompf",4,4,4,0,0,0,"luup_w","they were paired with Niffites names and with Luupites names","they were paired with Niffites names and with Luupites names",1,1,TRUE,2,TRUE,2,TRUE,"luup_w","compf",-0.17854499092132,-0.36811033152029,0,0,0,0.7328,0,1.5985148224971,0.210347859803949
"30",71,"female",34,1,-1,2,1,0,1.5,1.5,-0.2293,-0.4214,0.0286,1.0868,1.0441,1.2031,"incompf","compf",2,2,2,-2,-2,-2,"luup_w","they were paired with Niffites names and with Luupites names","they were paired with Niffites names and with Luupites names",1,1,TRUE,2,TRUE,2,TRUE,"luup_w","incompf",1.3967718584354,0.524957342341978,0,0,0,-0.2293,-2,-0.10893380780683,-0.792849625414884
"31",72,"female",29,1,0,1,3,0.5,2,1.5,-0.0797,0.0152,-0.2087,0.4299,0.5696,0.4101,"incompf","incompf",3,3,3,-1,-1,-1,"luup_w","they were paired with Niffites names","they were paired with Luupites names",1,1,TRUE,2,TRUE,2,TRUE,"luup_w","incompf",-0.294672467067099,0.524957342341978,1,1,1,-0.0797,-1,0.156562829853982,-0.291250882805468
"32",73,"male",28,1,1,3,3,1,3,2,-0.7431,-0.5488,-1.1015,0.3181,0.4377,0.2783,"compf","compf",3,3,3,-1,-1,-1,"niff_w","I don’t remember","I don’t remember",1,1,TRUE,2,TRUE,2,TRUE,"niff_w","compf",-0.582545013255529,0.822646566962734,0,0,0,-0.7431,-1,-1.02077988020072,-0.291250882805468
"33",75,"male",31,4,4,4,4,4,4,0,0.5757,0.4016,0.8186,0.3275,0.0751,0.5507,"incompf","compf",7,7,7,3,3,3,"niff_w","they were paired with Niffites names and with Luupites names","they were paired with Niffites names",1,1,TRUE,2,TRUE,2,TRUE,"niff_w","incompf",-0.558341060355965,-0.36811033152029,1,0,0,0.5757,3,1.31970785875035,1.7151440876322
"34",76,"male",27,0,0,2,2,0,2,2,-0.5257,-0.4492,-0.663,0.9702,0.9193,1.003,"incompf","incompf",2,2,2,-2,-2,-2,"niff_w","they were paired with Niffites names and with Luupites names","they were paired with Niffites names and with Luupites names",1,1,TRUE,2,TRUE,2,TRUE,"niff_w","incompf",1.09653984693656,0.822646566962734,0,0,0,-0.5257,-2,-0.634957894723038,-0.792849625414884
"35",77,"female",22,2,2,-2,-2,2,-2,-4,-0.1156,-0.4375,0.2312,0.4389,0.7226,0.1595,"compf","compf",3,3,3,-1,-1,-1,"luup_w","they were paired with Niffites names and with Luupites names","they were paired with Niffites names and with Luupites names",1,1,TRUE,2,TRUE,2,TRUE,"luup_w","compf",-0.27149846961007,-2.74962412848634,0,0,0,-0.1156,-1,0.0928507356559665,-0.291250882805468
"36",80,"male",25,3,3,4,3,3,3.5,0.5,0.1416,-0.2008,0.3901,0.6545,0.8357,0.5373,"incompf","incompf",3,2,2.5,-1,-2,-1.5,"luup_w","they were paired with Niffites names","they were paired with Luupites names",1,1,TRUE,2,TRUE,2,TRUE,"luup_w","incompf",0.283647513916097,-0.0704211068995337,1,1,1,0.1416,-1.5,0.549306184896347,-0.542050254110176
"37",81,"female",48,3,3,3,3,3,3,0,-0.4231,-0.2313,-0.6193,0.892,0.8982,0.8831,"compf","compf",4,6,5,0,2,1,"niff_w","they were paired with Luupites names","they were paired with Niffites names",1,1,TRUE,2,TRUE,2,TRUE,"niff_w","compf",0.895183557921035,-0.36811033152029,1,1,1,-0.4231,1,-0.452872633867428,0.711946602413365
"38",86,"female",34,-4,-4,4,4,-4,4,8,0.1319,-0.0195,0.2615,1.064,1.0976,1.0511,"compf","incompf",1,1,1,-3,-3,-3,"luup_w","they were paired with Niffites names","they were paired with Luupites names",1,1,TRUE,2,TRUE,2,TRUE,"luup_w","compf",1.33806439821093,4.3949172624118,1,1,1,0.1319,-3,0.532091496491869,-1.2944483680243
"39",92,"female",60,4,4,4,4,4,4,0,-0.141,-0.0507,-0.2469,0.5369,0.6136,0.4534,"incompf","incompf",6,4,5,2,0,1,"niff_w","they were paired with Luupites names","they were paired with Niffites names",1,1,TRUE,2,TRUE,2,TRUE,"niff_w","incompf",-0.0191593861890851,-0.36811033152029,1,1,1,-0.141,1,0.0477730979782618,0.711946602413365
"40",94,"male",42,4,4,4,4,4,4,0,-0.9791,-0.772,-1.1813,0.1056,-0.1736,0.3663,"compf","incompf",1,7,4,-3,3,0,"luup_w","they were paired with Niffites names","they were paired with Luupites names",1,1,TRUE,2,TRUE,2,TRUE,"luup_w","compf",-1.12970884210205,-0.36811033152029,1,1,1,-0.9791,0,-1.43961147437152,0.210347859803949
"41",99,"male",29,3,4,4,3,3.5,3.5,0,-0.1022,0.0957,-0.3471,0.5834,0.4775,0.6518,"incompf","compf",5,4,4.5,1,0,0.5,"niff_w","I don’t remember","they were paired with Niffites names",1,1,TRUE,2,TRUE,2,TRUE,"niff_w","incompf",0.100572934005566,-0.36811033152029,1,0,0,-0.1022,0.5,0.116631851596173,0.461147231108657
"42",101,"female",50,4,4,4,4,4,4,0,-0.2286,-0.2255,-0.3045,0.8929,0.7236,1.0768,"compf","compf",3,4,3.5,-1,0,-0.5,"luup_w","they were paired with Niffites names and with Luupites names","they were paired with Niffites names and with Luupites names",1,1,TRUE,2,TRUE,2,TRUE,"luup_w","compf",0.897500957666738,-0.36811033152029,0,0,0,-0.2286,-0.5,-0.107691510705476,-0.0404515115007594
"43",102,"female",18,4,3,3,2,3.5,2.5,-1,0.2977,0.2984,0.2951,0.1113,0.0676,0.2233,"compf","incompf",6,6,6,2,2,2,"luup_w","they were paired with Niffites names","they were paired with Niffites names and with Luupites names",1,1,TRUE,2,TRUE,2,TRUE,"luup_w","compf",-1.11503197704593,-0.963488780761801,0,1,0,0.2977,2,0.826338438498304,1.21354534502278
"44",104,"female",18,3,4,2,4,3.5,3,-0.5,0.2942,-0.0491,0.4769,0.8623,0.9671,0.8649,"incompf","incompf",4,2,3,0,-2,-1,"luup_w","they were paired with Niffites names","they were paired with Luupites names",1,1,TRUE,2,TRUE,2,TRUE,"luup_w","incompf",0.818709366312838,-0.665799556141045,1,1,1,0.2942,-1,0.820126952991534,-0.291250882805468
"45",106,"male",36,3,3,4,4,3,4,1,0.7225,0.6977,0.782,0.8814,0.8882,0.9098,"compf","incompf",4,4,4,0,0,0,"niff_w","they were paired with Niffites names and with Luupites names","they were paired with Niffites names and with Luupites names",1,1,TRUE,2,TRUE,2,TRUE,"niff_w","compf",0.867889738693867,0.227268117721222,0,0,0,0.7225,0,1.58023530800574,0.210347859803949
"46",108,"male",35,3,3,3,3,3,3,0,-0.5453,-0.8247,-0.2843,0.8483,0.8748,0.8655,"incompf","incompf",2,2,2,-2,-2,-2,"niff_w","they were paired with Niffites names and with Luupites names","they were paired with Niffites names and with Luupites names",1,1,TRUE,2,TRUE,2,TRUE,"niff_w","incompf",0.782660925824126,-0.36811033152029,0,0,0,-0.5453,-2,-0.669742213560952,-0.792849625414884
"47",109,"male",22,3,3,3,3,3,3,0,-0.2006,0.1195,-0.7049,0.9972,1.2206,0.7337,"compf","compf",7,7,7,3,3,3,"luup_w","they were paired with Luupites names","they were paired with Niffites names",1,1,TRUE,2,TRUE,2,TRUE,"luup_w","compf",1.16606183930764,-0.36811033152029,0,0,0,-0.2006,3,-0.0579996266513132,1.7151440876322
"48",110,"female",25,1,1,4,3,1,3.5,2.5,-0.7607,-0.8887,-0.6601,0.7611,0.6962,0.8044,"compf","incompf",5,5,5,1,1,1,"luup_w","they were paired with Niffites names and with Luupites names","they were paired with Niffites names and with Luupites names",1,1,TRUE,2,TRUE,2,TRUE,"luup_w","compf",0.558130639351576,1.12033579158349,0,0,0,-0.7607,1,-1.05201477874905,0.711946602413365
"49",113,"male",35,3,3,3,3,3,3,0,0.9767,0.9356,1.1119,-0.056,-0.1283,0.0243,"compf","compf",7,7,7,3,3,3,"niff_w","they were paired with Niffites names and with Luupites names","they were paired with Niffites names and with Luupites names",1,1,TRUE,2,TRUE,2,TRUE,"niff_w","compf",-1.54581084088604,-0.36811033152029,0,0,0,0.9767,3,2.03136662681175,1.7151440876322
"50",114,"female",32,2,0,4,2,1,3,2,-0.2855,-0.5264,-0.1304,0.1576,0.1111,0.2119,"compf","incompf",7,7,7,3,3,3,"niff_w","they were paired with Niffites names and with Luupites names","they were paired with Niffites names and with Luupites names",1,1,TRUE,2,TRUE,2,TRUE,"niff_w","compf",-0.99581463457255,0.822646566962734,0,0,0,-0.2855,3,-0.208672517944114,1.7151440876322
"51",116,"female",28,3,3,2,2,3,2,-1,0.341,-0.1083,0.8041,0.8307,1.0868,0.7477,"incompf","incompf",3,3,3,-1,-1,-1,"niff_w","they were paired with Niffites names and with Luupites names","they were paired with Niffites names and with Luupites names",1,1,TRUE,2,TRUE,2,TRUE,"niff_w","incompf",0.737342886352602,-0.963488780761801,0,0,0,0.341,-1,0.903183387767777,-0.291250882805468
"52",119,"female",29,2,2,3,3,2,3,1,-0.5661,-0.5576,-0.6529,0.8016,1.1434,0.4142,"incompf","compf",3,3,3,-1,-1,-1,"luup_w","they were paired with Niffites names","they were paired with Niffites names and with Luupites names",1,1,TRUE,2,TRUE,2,TRUE,"luup_w","incompf",0.662413627908208,0.227268117721222,0,1,0,-0.5661,-1,-0.706656184572616,-0.291250882805468
"53",121,"female",30,1,1,1,2,1,1.5,0.5,0.3611,0.1328,0.5828,0.8772,0.9251,0.8243,"compf","compf",6,6,6,2,2,2,"niff_w","they were paired with Luupites names","they were paired with Niffites names",1,1,TRUE,2,TRUE,2,TRUE,"niff_w","compf",0.857075206547253,-0.0704211068995337,1,1,1,0.3611,2,0.938855061678087,1.21354534502278
"54",122,"female",23,-3,-3,3,3,-3,3,6,0.48,0.5835,0.4112,0.3572,0.251,0.3901,"compf","incompf",7,7,7,3,3,3,"niff_w","they were paired with Niffites names and with Luupites names","they were paired with Niffites names",1,1,TRUE,2,TRUE,2,TRUE,"niff_w","compf",-0.481866868747769,3.20416036392878,1,0,0,0.48,3,1.1498680978938,1.7151440876322
"55",127,"male",30,4,4,3,3,4,3,-1,0.2498,0.1875,0.2791,0.5933,0.5478,0.6377,"incompf","compf",6,6,6,2,2,2,"luup_w","they were paired with Niffites names","they were paired with Luupites names",1,1,TRUE,2,TRUE,2,TRUE,"luup_w","incompf",0.126064331208298,-0.963488780761801,1,1,1,0.2498,2,0.74132982256279,1.21354534502278
"56",128,"male",22,3,3,4,4,3,4,1,0.2646,0.1154,0.3954,0.6568,0.421,0.9544,"incompf","incompf",6,7,6.5,2,3,2.5,"luup_w","they were paired with Luupites names","they were paired with Niffites names",1,1,TRUE,2,TRUE,2,TRUE,"luup_w","incompf",0.289569757710671,0.227268117721222,0,0,0,0.2646,2.5,0.767595532705704,1.46434471632749
"57",131,"male",48,1,1,3,3,1,3,2,-0.2154,-0.1734,-0.2527,0.7892,0.7417,0.835,"incompf","compf",4,4,4,0,0,0,"niff_w","they were paired with Niffites names and with Luupites names","they were paired with Niffites names and with Luupites names",1,1,TRUE,2,TRUE,2,TRUE,"niff_w","incompf",0.630485009189634,0.822646566962734,0,0,0,-0.2154,0,-0.0842653367942277,0.210347859803949
"58",134,"male",41,2,0,4,2,1,3,2,-0.5807,-0.6634,-0.5988,0.2407,0.4526,0.1014,"compf","incompf",1,1,1,-3,-3,-3,"luup_w","they were paired with Niffites names","they were paired with Luupites names",1,1,TRUE,2,TRUE,2,TRUE,"luup_w","compf",-0.78184139138598,0.822646566962734,1,1,1,-0.5807,-3,-0.732566952686572,-1.2944483680243
"59",138,"female",31,2,2,4,3,2,3.5,1.5,0.2235,0.1541,0.2807,0.7262,0.7595,0.7344,"compf","incompf",6,6,6,2,2,2,"niff_w","they were paired with Luupites names","they were paired with Niffites names",1,1,TRUE,2,TRUE,2,TRUE,"niff_w","compf",0.468267026990429,0.524957342341978,1,1,1,0.2235,2,0.694654945754773,1.21354534502278
"60",140,"female",33,0,0,1,1,0,1,1,-0.7891,-0.8704,-0.7465,1.15,1.0237,1.2904,"incompf","incompf",1,1,1,-3,-3,-3,"niff_w","they were paired with Niffites names and with Luupites names","they were paired with Niffites names and with Luupites names",1,1,TRUE,2,TRUE,2,TRUE,"niff_w","incompf",1.55950481835587,0.227268117721222,0,0,0,-0.7891,-3,-1.10241654686113,-1.2944483680243
"61",142,"female",25,2,2,3,3,2,3,1,-0.4395,-0.7483,-0.1275,0.7067,0.9513,0.2121,"compf","incompf",3,3,3,-1,-1,-1,"luup_w","they were paired with Niffites names","they were paired with Luupites names",1,1,TRUE,2,TRUE,2,TRUE,"luup_w","compf",0.418056699166866,0.227268117721222,1,1,1,-0.4395,-1,-0.481977880242009,-0.291250882805468
"62",147,"male",40,4,4,2,2,4,2,-2,0.5071,0.4368,0.6842,-0.0605,0.104,-0.3094,"incompf","compf",7,7,7,3,3,3,"niff_w","I don’t remember","I don’t remember",1,1,TRUE,2,TRUE,2,TRUE,"niff_w","incompf",-1.55739783961456,-1.55886723000331,0,0,0,0.5071,3,1.19796274281765,1.7151440876322
"63",153,"female",21,4,4,3,4,4,3.5,-0.5,0.4932,0.7984,0.2741,0.4004,0.5342,0.309,"compf","compf",7,7,7,3,3,3,"niff_w","they were paired with Luupites names","they were paired with Niffites names and with Luupites names",1,1,TRUE,2,TRUE,2,TRUE,"niff_w","compf",-0.370631680954028,-0.665799556141045,0,1,0,0.4932,3,1.17329427180505,1.7151440876322
"64",157,"female",44,4,4,4,4,4,4,0,-1.3696,-1.1606,-1.5981,0.296,0.4921,0.1945,"compf","compf",7,1,4,3,-3,0,"luup_w","I don’t remember","they were paired with Niffites names and with Luupites names",1,1,TRUE,2,TRUE,2,TRUE,"luup_w","compf",-0.639450051455568,-0.36811033152029,0,0,0,-1.3696,0,-2.13263578591261,0.210347859803949
"65",158,"male",58,3,4,4,4,3.5,4,0.5,-0.9551,-0.9364,-1.2583,0.8438,0.8547,0.8283,"compf","incompf",2,2,2,-2,-2,-2,"luup_w","they were paired with Niffites names","they were paired with Luupites names",1,1,TRUE,2,TRUE,2,TRUE,"luup_w","compf",0.771073927095611,-0.0704211068995337,1,1,1,-0.9551,-2,-1.39701843089652,-0.792849625414884
"66",162,"female",28,3,3,3,3,3,3,0,0.5965,0.6804,0.5438,0.8758,1.1225,0.8773,"compf","incompf",5,6,5.5,1,2,1.5,"niff_w","they were paired with Niffites names","they were paired with Luupites names",1,1,TRUE,2,TRUE,2,TRUE,"niff_w","compf",0.853470362498382,-0.36811033152029,0,0,0,0.5965,1.5,1.35662182976201,0.962745973718073
"67",165,"female",29,2,3,4,4,2.5,4,1.5,-0.5137,-0.4021,-0.7679,0.2199,0.1476,0.3415,"compf","compf",3,3,3,-1,-1,-1,"luup_w","they were paired with Niffites names and with Luupites names","they were paired with Niffites names and with Luupites names",1,1,TRUE,2,TRUE,2,TRUE,"luup_w","compf",-0.835399074397781,0.524957342341978,0,0,0,-0.5137,-1,-0.61366137298554,-0.291250882805468
"68",167,"female",63,3,3,3,3,3,3,0,-0.6734,-0.7218,-0.8923,0.5469,0.3277,0.8946,"incompf","compf",1,1,1,-3,-3,-3,"luup_w","they were paired with Niffites names and with Luupites names","they were paired with Niffites names and with Luupites names",1,1,TRUE,2,TRUE,2,TRUE,"luup_w","incompf",0.00658949987428078,-0.36811033152029,0,0,0,-0.6734,-3,-0.897082583108746,-1.2944483680243
"69",169,"female",21,2,2,2,2,2,2,0,-0.7483,-0.7181,-0.9165,0.2577,0.3187,0.1993,"compf","compf",6,6,6,2,2,2,"niff_w","they were paired with Niffites names and with Luupites names","they were paired with Niffites names and with Luupites names",1,1,TRUE,2,TRUE,2,TRUE,"niff_w","compf",-0.738068285078259,-0.36811033152029,0,0,0,-0.7483,2,-1.03000837295363,1.21354534502278
"70",173,"female",56,3,4,4,4,3.5,4,0.5,-1.1351,-1.0266,-1.271,0.9295,0.9738,0.9243,"compf","compf",3,2,2.5,-1,-2,-1.5,"luup_w","they were paired with Niffites names and with Luupites names","they were paired with Niffites names and with Luupites names",1,1,TRUE,2,TRUE,2,TRUE,"luup_w","compf",0.991741880658656,-0.0704211068995337,0,0,0,-1.1351,-1.5,-1.71646625695899,-0.542050254110176
"71",174,"female",32,1,1,4,4,1,4,3,-0.1812,-0.2773,0.1058,0.6938,1.0664,0.5807,"compf","incompf",2,2,2,-2,-2,-2,"luup_w","they were paired with Niffites names","they were paired with Luupites names",1,1,TRUE,2,TRUE,2,TRUE,"luup_w","compf",0.384840636145124,1.41802501620425,1,1,1,-0.1812,-2,-0.0235702498423576,-0.792849625414884
"72",175,"male",30,-1,0,1,0,-0.5,0.5,1,0.3575,0.5026,0.2472,-0.1524,-0.121,-0.0932,"incompf","compf",5,4,4.5,1,0,0.5,"luup_w","they were paired with Luupites names","they were paired with Niffites names and with Luupites names",1,1,TRUE,2,TRUE,2,TRUE,"luup_w","incompf",-1.79403010253689,0.227268117721222,0,0,0,0.3575,0.5,0.932466105156837,0.461147231108657
"73",178,"male",26,-1,1,1,1,0,1,1,0.5167,0.3461,0.741,0.2765,0.2655,0.2968,"compf","incompf",2,6,4,-2,2,0,"niff_w","they were paired with Niffites names and with Luupites names","they were paired with Niffites names and with Luupites names",1,1,TRUE,2,TRUE,2,TRUE,"niff_w","compf",-0.689660379279131,0.227268117721222,0,0,0,0.5167,0,1.21499996020765,0.210347859803949
"74",181,"male",32,2,3,3,3,2.5,3,0.5,-0.4692,-0.5067,-0.3762,0.3512,-0.0163,0.8522,"compf","compf",2,2,2,-2,-2,-2,"luup_w","they were paired with Niffites names","they were paired with Luupites names",1,1,TRUE,2,TRUE,2,TRUE,"luup_w","compf",-0.497316200385788,-0.0704211068995337,1,1,1,-0.4692,-2,-0.534686771542317,-0.792849625414884
"75",183,"male",28,4,4,4,4,4,4,0,-1.292,-1.2299,-1.4198,0.3802,0.4695,0.3002,"incompf","compf",1,1,1,-3,-3,-3,"luup_w","they were paired with Niffites names","they were paired with Luupites names",1,1,TRUE,2,TRUE,2,TRUE,"luup_w","incompf",-0.422644430802027,-0.36811033152029,1,1,1,-1.292,-3,-1.99491827867678,-1.2944483680243
"76",184,"male",32,2,2,4,4,2,4,2,-0.647,-0.9529,-0.3853,-0.1286,0.0346,-0.3028,"incompf","incompf",2,2,2,-2,-2,-2,"luup_w","they were paired with Niffites names","they were paired with Luupites names",1,1,TRUE,2,TRUE,2,TRUE,"luup_w","incompf",-1.73274775370608,0.822646566962734,1,1,1,-0.647,-2,-0.85023023528625,-0.792849625414884
"77",186,"male",25,3,3,2,2,3,2,-1,0.9772,0.9597,1.2376,0.3638,0.3513,0.4997,"compf","incompf",6,6,6,2,2,2,"niff_w","they were paired with Niffites names and with Luupites names","they were paired with Niffites names and with Luupites names",1,1,TRUE,2,TRUE,2,TRUE,"niff_w","compf",-0.464872603945947,-0.963488780761801,0,0,0,0.9772,2,2.03225398188415,1.21354534502278
"78",187,"male",27,3,2,-2,0,2.5,-1,-3.5,-0.0686,-0.1549,0.063,1.2273,1.2093,1.2319,"incompf","compf",7,7,7,3,3,3,"niff_w","they were paired with Luupites names","they were paired with Niffites names",1,1,TRUE,2,TRUE,2,TRUE,"niff_w","incompf",1.75854370762569,-2.45193490386558,1,1,1,-0.0686,3,0.176262112461168,1.7151440876322
"79",190,"male",22,3,1,4,3,2,3.5,1.5,0.9647,1.1765,0.701,1.0651,1.291,0.876,"compf","incompf",7,7,7,3,3,3,"luup_w","they were paired with Niffites names and with Luupites names","they were paired with Niffites names and with Luupites names",1,1,TRUE,2,TRUE,2,TRUE,"luup_w","compf",1.3408967756779,0.524957342341978,0,0,0,0.9647,3,2.01007010507425,1.7151440876322
"80",192,"female",20,1,1,2,2,1,2,1,-0.3815,-0.5371,-0.1199,0.7194,0.7862,0.6992,"incompf","incompf",1,3,2,-3,-1,-2,"luup_w","they were paired with Niffites names and with Luupites names","they were paired with Niffites names and with Luupites names",1,1,TRUE,2,TRUE,2,TRUE,"luup_w","incompf",0.450757784467341,0.227268117721222,0,0,0,-0.3815,-2,-0.3790446918441,-0.792849625414884
"81",196,"female",20,2,3,4,4,2.5,4,1.5,-0.1157,-0.5291,0.2887,0.7487,0.6864,0.856,"incompf","incompf",1,1,1,-3,-3,-3,"niff_w","they were paired with Niffites names","they were paired with Luupites names",1,1,TRUE,2,TRUE,2,TRUE,"niff_w","incompf",0.526202020633003,0.524957342341978,0,0,0,-0.1157,-3,0.0926732646414874,-1.2944483680243
"82",197,"male",59,4,4,4,4,4,4,0,-1.2812,-1.3707,-1.3889,1.0084,1.0788,0.9695,"compf","compf",1,1,1,-3,-3,-3,"luup_w","they were paired with Niffites names","they were paired with Luupites names",1,1,TRUE,2,TRUE,2,TRUE,"luup_w","compf",1.19490059169861,-0.36811033152029,1,1,1,-1.2812,-3,-1.97575140911304,-1.2944483680243
"83",200,"female",27,2,3,2,3,2.5,2.5,0,-0.422,-0.5473,-0.3341,0.4511,0.3118,0.6018,"incompf","incompf",1,1,1,-3,-3,-3,"luup_w","they were paired with Niffites names","they were paired with Luupites names",1,1,TRUE,2,TRUE,2,TRUE,"luup_w","incompf",-0.240084828612764,-0.36811033152029,1,1,1,-0.422,-3,-0.450920452708157,-1.2944483680243
"84",206,"male",21,1,1,3,3,1,3,2,-0.3585,-0.3248,-0.359,0.2831,-0.0178,0.6065,"compf","incompf",4,4,4,0,0,0,"luup_w","they were paired with Niffites names","they were paired with Luupites names",1,1,TRUE,2,TRUE,2,TRUE,"luup_w","compf",-0.672666114477309,0.822646566962734,1,1,1,-0.3585,0,-0.338226358513895,0.210347859803949
"85",213,"female",21,2,3,2,2,2.5,2,-0.5,-0.3433,-0.2652,-0.4068,0.7187,0.6443,0.8416,"compf","compf",2,2,2,-2,-2,-2,"luup_w","they were paired with Niffites names","they were paired with Luupites names",1,1,TRUE,2,TRUE,2,TRUE,"luup_w","compf",0.448955362442905,-0.665799556141045,1,1,1,-0.3433,-2,-0.311250764313064,-0.792849625414884
"86",214,"female",26,4,4,4,4,4,4,0,0.3896,0.3331,0.6175,0.8965,0.9946,0.9138,"compf","incompf",1,1,1,-3,-3,-3,"luup_w","they were paired with Niffites names","they were paired with Luupites names",1,1,TRUE,2,TRUE,2,TRUE,"luup_w","compf",0.906770556649549,-0.36811033152029,1,1,1,0.3896,-3,0.989434300804645,-1.2944483680243
"87",219,"female",30,1,2,-2,-1,1.5,-1.5,-3,0.2481,0.3673,0.1122,1.0477,1.0829,1.2107,"incompf","compf",4,2,3,0,-2,-1,"niff_w","they were paired with Luupites names","they were paired with Niffites names",1,1,TRUE,2,TRUE,2,TRUE,"niff_w","incompf",1.29609371392764,-2.15424567924482,1,1,1,0.2481,-1,0.738312815316644,-0.291250882805468
"88",220,"female",20,4,4,4,4,4,4,0,0.2125,0.2772,0.1335,0.4994,0.3894,0.6676,"incompf","incompf",6,4,5,2,0,1,"niff_w","they were paired with Niffites names and with Luupites names","they were paired with Niffites names and with Luupites names",1,1,TRUE,2,TRUE,2,TRUE,"niff_w","incompf",-0.115717708926707,-0.36811033152029,0,0,0,0.2125,1,0.675133134162066,0.711946602413365
"89",223,"female",47,2,2,3,3,2,3,1,-1.4817,-1.3739,-1.6805,0.3209,0.2515,0.4183,"incompf","compf",1,1,1,-3,-3,-3,"luup_w","they were paired with Niffites names and with Luupites names","they were paired with Niffites names and with Luupites names",1,1,TRUE,2,TRUE,2,TRUE,"luup_w","incompf",-0.575335325157787,0.227268117721222,0,0,0,-1.4817,-3,-2.33158079314374,-1.2944483680243
"90",224,"female",41,2,2,3,3,2,3,1,-1.1951,-1.139,-1.294,0.3353,0.5685,0.4525,"incompf","incompf",3,2,2.5,-1,-2,-1.5,"luup_w","they were paired with Niffites names","they were paired with Luupites names",1,1,TRUE,2,TRUE,2,TRUE,"luup_w","incompf",-0.53825692922654,0.227268117721222,1,1,1,-1.1951,-1.5,-1.82294886564649,-0.542050254110176
"91",226,"male",52,0,0,4,4,0,4,4,-1.0366,-0.9901,-1.0826,0.7672,0.5152,1.058,"compf","incompf",4,3,3.5,0,-1,-0.5,"niff_w","they were paired with Niffites names","they were paired with Luupites names",1,1,TRUE,2,TRUE,2,TRUE,"niff_w","compf",0.573837459850229,2.01340346544576,0,0,0,-1.0366,-0.5,-1.54165730769703,-0.0404515115007594
"92",230,"female",20,4,4,3,4,4,3.5,-0.5,-0.3315,-0.143,-0.4798,0.1169,0.0123,0.1457,"compf","incompf",2,2,2,-2,-2,-2,"luup_w","they were paired with Niffites names","they were paired with Luupites names",1,1,TRUE,2,TRUE,2,TRUE,"luup_w","compf",-1.10061260085045,-0.665799556141045,1,1,1,-0.3315,-2,-0.290309184604524,-0.792849625414884
"93",231,"female",30,2,0,3,3,1,3,2,-0.4912,-0.2103,-0.8473,0.9902,0.955,1.0638,"incompf","compf",4,4,4,0,0,0,"luup_w","they were paired with Niffites names and with Luupites names","they were paired with Niffites names and with Luupites names",1,1,TRUE,2,TRUE,2,TRUE,"luup_w","incompf",1.14803761906329,0.822646566962734,0,0,0,-0.4912,0,-0.57373039472773,0.210347859803949
"94",239,"male",20,-1,2,3,3,0.5,3,2.5,-0.4559,-0.5511,-0.3536,0.6417,0.4982,0.7993,"incompf","compf",1,1,1,-3,-3,-3,"luup_w","they were paired with Niffites names","they were paired with Luupites names",1,1,TRUE,2,TRUE,2,TRUE,"luup_w","incompf",0.250688939754989,1.12033579158349,1,1,1,-0.4559,-3,-0.51108312661659,-1.2944483680243
"95",244,"male",47,4,4,3,3,4,3,-1,0.0069,0.1291,-0.0886,-0.2219,0.0352,-0.4436,"incompf","incompf",4,4,4,0,0,0,"niff_w","they were paired with Niffites names","they were paired with Luupites names",1,1,TRUE,2,TRUE,2,TRUE,"niff_w","incompf",-1.97298486067728,-0.963488780761801,0,0,0,0.0069,0,0.310252728392928,0.210347859803949
"96",245,"female",55,3,3,3,3,3,3,0,-0.6058,-0.3229,-1.2147,0.7535,0.8229,0.6516,"compf","compf",1,1,1,-3,-3,-3,"luup_w","they were paired with Niffites names","they were paired with Luupites names",1,1,TRUE,2,TRUE,2,TRUE,"luup_w","compf",0.538561485943418,-0.36811033152029,1,1,1,-0.6058,-3,-0.777112177320839,-1.2944483680243
"97",246,"female",20,-2,4,4,4,1,4,3,-0.4488,-0.3075,-0.6693,0.3333,0.3405,0.4234,"compf","incompf",1,1,1,-3,-3,-3,"luup_w","they were paired with Niffites names and with Luupites names","they were paired with Niffites names and with Luupites names",1,1,TRUE,2,TRUE,2,TRUE,"luup_w","compf",-0.543406706439213,1.41802501620425,0,0,0,-0.4488,-3,-0.49848268458857,-1.2944483680243
"98",248,"male",31,-1,-1,3,3,-1,3,4,-0.6718,-0.7539,-0.7481,0.2797,0.3415,0.2239,"incompf","incompf",2,2,2,-2,-2,-2,"luup_w","they were paired with Niffites names and with Luupites names","they were paired with Niffites names and with Luupites names",1,1,TRUE,2,TRUE,2,TRUE,"luup_w","incompf",-0.681420735738854,2.01340346544576,0,0,0,-0.6718,-2,-0.89424304687708,-0.792849625414884
"99",250,"female",47,4,4,4,4,4,4,0,-0.3715,-0.2545,-0.496,0.2471,0.0803,0.3957,"compf","incompf",1,1,1,-3,-3,-3,"niff_w","they were paired with Niffites names and with Luupites names","they were paired with Niffites names and with Luupites names",1,1,TRUE,2,TRUE,2,TRUE,"niff_w","compf",-0.765362104305426,-0.36811033152029,0,0,0,-0.3715,-3,-0.361297590396185,-1.2944483680243
"100",252,"female",21,-1,1,4,4,0,4,4,-0.3433,-0.4196,-0.3452,0.5872,0.6715,0.5709,"incompf","incompf",2,2,2,-2,-2,-2,"niff_w","they were paired with Niffites names","they were paired with Luupites names",1,1,TRUE,2,TRUE,2,TRUE,"niff_w","incompf",0.110357510709645,2.01340346544576,0,0,0,-0.3433,-2,-0.311250764313064,-0.792849625414884
"101",254,"male",46,2,2,3,3,2,3,1,-0.3791,-0.2457,-0.4939,0.8205,0.8167,0.8244,"compf","incompf",4,2,3,0,-2,-1,"luup_w","they were paired with Niffites names and with Luupites names","they were paired with Niffites names",1,1,TRUE,2,TRUE,2,TRUE,"luup_w","compf",0.711079022567969,0.227268117721222,0,0,0,-0.3791,-1,-0.3747853874966,-0.291250882805468
"102",257,"female",22,-3,-3,3,3,-3,3,6,0.2004,-0.0407,0.4309,0.8505,0.9847,0.8108,"compf","compf",1,6,3.5,-3,2,-0.5,"niff_w","they were paired with Niffites names","they were paired with Luupites names",1,1,TRUE,2,TRUE,2,TRUE,"niff_w","compf",0.788325680758067,3.20416036392878,0,0,0,0.2004,-0.5,0.653659141410089,-0.0404515115007594
"103",258,"female",30,2,2,4,4,2,4,2,-0.3915,-0.2833,-0.5933,0.4477,0.4897,0.4283,"compf","incompf",4,4,4,0,0,0,"niff_w","I don’t remember","I don’t remember",1,1,TRUE,2,TRUE,2,TRUE,"niff_w","compf",-0.248839449874308,0.822646566962734,0,0,0,-0.3915,0,-0.396791793292015,0.210347859803949
"104",263,"female",57,4,4,4,4,4,4,0,-1.4735,-1.5347,-1.3979,1.0945,0.9991,1.2225,"incompf","compf",1,2,1.5,-3,-2,-2.5,"luup_w","they were paired with Niffites names","they were paired with Luupites names",1,1,TRUE,2,TRUE,2,TRUE,"luup_w","incompf",1.41659850070419,-0.36811033152029,1,1,1,-1.4735,-2.5,-2.31702816995645,-1.04364899671959
"105",265,"female",46,4,4,4,4,4,4,0,-0.5749,-0.4511,-0.7213,-0.112,0.2776,-0.4428,"compf","compf",7,7,7,3,3,3,"niff_w","they were paired with Luupites names","they were paired with Niffites names",1,1,TRUE,2,TRUE,2,TRUE,"niff_w","compf",-1.69000460284089,-0.36811033152029,1,1,1,-0.5749,3,-0.722273633846781,1.7151440876322
"106",268,"female",40,1,0,4,4,0.5,4,3.5,-0.0011,0.0896,-0.0841,0.8925,1.0145,0.7618,"incompf","incompf",7,5,6,3,1,2,"niff_w","they were paired with Niffites names and with Luupites names","they were paired with Niffites names and with Luupites names",1,1,TRUE,2,TRUE,2,TRUE,"niff_w","incompf",0.896471002224203,1.715714240825,0,0,0,-0.0011,2,0.296055047234596,1.21354534502278
"107",269,"male",47,3,3,3,3,3,3,0,-0.1446,-0.2755,-0.0678,0.2849,0.556,-0.1546,"compf","compf",6,6,6,2,2,2,"luup_w","they were paired with Niffites names and with Luupites names","they were paired with Niffites names and with Luupites names",1,1,TRUE,2,TRUE,2,TRUE,"luup_w","compf",-0.668031314985904,-0.36811033152029,0,0,0,-0.1446,2,0.0413841414570123,1.21354534502278
"108",271,"female",33,3,2,4,4,2.5,4,1.5,-1.0951,-1.1298,-1.1346,0.7,0.6844,0.6974,"incompf","compf",1,1,1,-3,-3,-3,"luup_w","they were paired with Niffites names and with Luupites names","they were paired with Niffites names and with Luupites names",1,1,TRUE,2,TRUE,2,TRUE,"luup_w","incompf",0.400804945504411,0.524957342341978,0,0,0,-1.0951,-3,-1.64547785116733,-1.2944483680243
"109",273,"male",20,2,2,4,4,2,4,2,-0.9153,-0.6985,-1.0922,0.5689,0.9848,0.5372,"compf","compf",4,4,4,0,0,0,"niff_w","they were paired with Niffites names and with Luupites names","they were paired with Niffites names",1,1,TRUE,2,TRUE,2,TRUE,"niff_w","compf",0.0632370492136853,0.822646566962734,1,0,0,-0.9153,0,-1.32638496713382,0.210347859803949
"110",274,"female",18,1,1,2,2,1,2,1,-0.0021,0.1004,-0.1706,0.8024,0.55,1.0246,"compf","incompf",6,6,6,2,2,2,"niff_w","they were paired with Luupites names","they were paired with Niffites names",1,1,TRUE,2,TRUE,2,TRUE,"niff_w","compf",0.664473538793277,0.227268117721222,1,1,1,-0.0021,2,0.294280337089805,1.21354534502278
"111",275,"male",34,3,3,3,3,3,3,0,-0.2048,-0.4059,0.0214,0.1732,0.4317,0.0027,"incompf","compf",4,4,4,0,0,0,"niff_w","they were paired with Niffites names and with Luupites names","they were paired with Niffites names and with Luupites names",1,1,TRUE,2,TRUE,2,TRUE,"niff_w","incompf",-0.9556463723137,-0.36811033152029,0,0,0,-0.2048,0,-0.0654534092594376,0.210347859803949
"112",277,"female",37,3,3,4,4,3,4,1,-0.6693,-0.6355,-0.8235,0.7324,0.7886,0.6971,"compf","compf",3,3,3,-1,-1,-1,"luup_w","they were paired with Niffites names","they were paired with Luupites names",1,1,TRUE,2,TRUE,2,TRUE,"luup_w","compf",0.484231336349716,0.227268117721222,1,1,1,-0.6693,-1,-0.889806271515101,-0.291250882805468
"113",279,"female",27,2,2,4,4,2,4,2,-0.5242,-0.5399,-0.5171,0.7718,0.8323,0.7185,"incompf","compf",1,1,1,-3,-3,-3,"luup_w","they were paired with Niffites names","they were paired with Luupites names",1,1,TRUE,2,TRUE,2,TRUE,"luup_w","incompf",0.585681947439378,0.822646566962734,1,1,1,-0.5242,-3,-0.632295829505851,-1.2944483680243
"114",280,"female",63,2,3,3,3,2.5,3,0.5,-0.5748,-0.4251,-0.7026,0.7287,0.9906,0.4916,"incompf","incompf",4,4,4,0,0,0,"luup_w","I don’t remember","I don’t remember",1,1,TRUE,2,TRUE,2,TRUE,"luup_w","incompf",0.474704248506271,-0.0704211068995337,0,0,0,-0.5748,0,-0.722096162832302,0.210347859803949
"115",282,"female",29,4,4,4,4,4,4,0,-0.8483,-1.0476,-0.636,0.3172,-0.3767,0.7504,"compf","incompf",4,7,5.5,0,3,1.5,"niff_w","they were paired with Niffites names","they were paired with Luupites names",1,1,TRUE,2,TRUE,2,TRUE,"niff_w","compf",-0.584862413001232,-0.36811033152029,0,0,0,-0.8483,1.5,-1.20747938743278,0.962745973718073
"116",283,"female",23,4,4,4,4,4,4,0,0.9788,0.7987,1.2063,0.5516,0.5451,0.5503,"incompf","compf",7,7,7,3,3,3,"niff_w","they were paired with Luupites names","they were paired with Niffites names",1,1,TRUE,2,TRUE,2,TRUE,"niff_w","incompf",0.0186914763240625,-0.36811033152029,1,1,1,0.9788,3,2.03509351811581,1.7151440876322
"117",285,"male",30,4,4,3,3,4,3,-1,-0.2813,-0.4625,-0.1761,0.7244,0.7566,0.73,"compf","compf",4,3,3.5,0,-1,-0.5,"luup_w","they were paired with Luupites names","they were paired with Niffites names and with Luupites names",1,1,TRUE,2,TRUE,2,TRUE,"luup_w","compf",0.463632227499024,-0.963488780761801,0,0,0,-0.2813,-0.5,-0.201218735335989,-0.0404515115007594
"118",286,"male",18,3,3,3,3,3,3,0,-0.3526,-0.569,-0.0644,0.5836,0.7108,0.5117,"compf","incompf",2,2,2,-2,-2,-2,"luup_w","they were paired with Niffites names","they were paired with Luupites names",1,1,TRUE,2,TRUE,2,TRUE,"luup_w","compf",0.101087911726833,-0.36811033152029,1,1,1,-0.3526,-2,-0.327755568659625,-0.792849625414884
"119",287,"male",20,2,4,3,3,3,3,0,-0.6212,-0.3584,-0.9848,0.2277,0.259,0.2147,"incompf","compf",1,2,1.5,-3,-2,-2.5,"luup_w","they were paired with Niffites names","they were paired with Luupites names",1,1,TRUE,2,TRUE,2,TRUE,"luup_w","incompf",-0.815314943268356,-0.36811033152029,1,1,1,-0.6212,-2.5,-0.804442713550629,-1.04364899671959
"120",292,"male",50,3,3,3,3,3,3,0,-0.552,-0.8258,-0.2328,0.6806,0.6986,0.6867,"incompf","incompf",1,1,1,-3,-3,-3,"niff_w","they were paired with Niffites names","they were paired with Luupites names",1,1,TRUE,2,TRUE,2,TRUE,"niff_w","incompf",0.350852106541481,-0.36811033152029,0,0,0,-0.552,-3,-0.681632771531055,-1.2944483680243
"121",294,"female",20,-2,-2,3,2,-2,2.5,4.5,-0.0227,-0.2005,0.1856,0.5211,0.4148,0.7703,"compf","incompf",1,1,1,-3,-3,-3,"luup_w","they were paired with Niffites names","they were paired with Luupites names",1,1,TRUE,2,TRUE,2,TRUE,"luup_w","compf",-0.0598426261692031,2.31109269006651,1,1,1,-0.0227,-3,0.257721308107099,-1.2944483680243
"122",295,"male",24,3,3,3,3,3,3,0,-0.6851,-0.6166,-0.8095,-0.3545,-0.3781,-0.3682,"incompf","compf",2,2,2,-2,-2,-2,"luup_w","they were paired with Niffites names","they were paired with Niffites names and with Luupites names",1,1,TRUE,2,TRUE,2,TRUE,"luup_w","incompf",-2.31441508987751,-0.36811033152029,0,1,0,-0.6851,-2,-0.917846691802807,-0.792849625414884
"123",297,"male",27,3,3,3,3,3,3,0,0.4977,0.6238,0.3475,0.4552,0.4321,0.6831,"compf","compf",6,6,6,2,2,2,"niff_w","they were paired with Luupites names","they were paired with Niffites names",1,1,TRUE,2,TRUE,2,TRUE,"niff_w","compf",-0.229527785326784,-0.36811033152029,1,1,1,0.4977,2,1.18128046745661,1.21354534502278
"124",299,"male",33,3,3,2,2,3,2,-1,-0.0846,0.1028,-0.3504,0.0457,-0.2403,0.2073,"incompf","compf",5,5,5,1,1,1,"niff_w","they were paired with Luupites names","they were paired with Niffites names",1,1,TRUE,2,TRUE,2,TRUE,"niff_w","incompf",-1.28394466962161,-0.963488780761801,1,1,1,-0.0846,1,0.147866750144504,0.711946602413365
"125",301,"male",25,4,4,2,2,4,2,-2,0.2812,0.2927,0.2958,0.1725,0.1052,0.2175,"compf","compf",6,6,6,2,2,2,"luup_w","they were paired with Niffites names and with Luupites names","they were paired with Niffites names and with Luupites names",1,1,TRUE,2,TRUE,2,TRUE,"luup_w","compf",-0.957448794338135,-1.55886723000331,0,0,0,0.2812,2,0.797055721109244,1.21354534502278
"126",302,"female",40,4,4,4,4,4,4,0,-1.3055,-1.2364,-1.3813,0.9392,0.9127,0.9616,"compf","incompf",2,4,3,-2,0,-1,"luup_w","they were paired with Niffites names","they were paired with Luupites names",1,1,TRUE,2,TRUE,2,TRUE,"luup_w","compf",1.01671830014012,-0.36811033152029,1,1,1,-1.3055,-1,-2.01887686563147,-0.291250882805468
"127",305,"male",21,4,4,4,4,4,4,0,-0.4002,-0.3158,-0.514,0.2317,-0.0757,0.633,"compf","compf",1,1,1,-3,-3,-3,"niff_w","they were paired with Niffites names","they were paired with Luupites names",1,1,TRUE,2,TRUE,2,TRUE,"niff_w","compf",-0.80501538884301,-0.36811033152029,0,0,0,-0.4002,-3,-0.412231771551702,-1.2944483680243
"128",309,"male",31,2,2,2,2,2,2,0,-0.2445,-0.1941,-0.2597,-0.5193,-0.2233,-0.9171,"compf","compf",3,4,3.5,-1,0,-0.5,"luup_w","I don’t remember","I don’t remember",1,1,TRUE,2,TRUE,2,TRUE,"luup_w","compf",-2.73875673220178,-0.36811033152029,0,0,0,-0.2445,-0.5,-0.135909402007661,-0.0404515115007594
"129",310,"male",23,1,-1,3,3,0,3,3,0.0193,0.0529,-0.0632,0.5069,0.6551,0.3737,"compf","incompf",4,4,4,0,0,0,"luup_w","they were paired with Niffites names and with Luupites names","they were paired with Niffites names and with Luupites names",1,1,TRUE,2,TRUE,2,TRUE,"luup_w","compf",-0.0964060443791825,1.41802501620425,0,0,0,0.0193,0,0.332259134188343,0.210347859803949
"130",311,"female",29,4,4,3,3,4,3,-1,-0.1061,0.0236,-0.2216,1.0292,1.0792,0.9672,"incompf","compf",2,1,1.5,-2,-3,-2.5,"luup_w","they were paired with Niffites names","they were paired with Luupites names",1,1,TRUE,2,TRUE,2,TRUE,"luup_w","incompf",1.24845827471041,-0.963488780761801,1,1,1,-0.1061,-2.5,0.109710482031486,-1.04364899671959
"131",312,"male",35,3,3,0,1,3,0.5,-2.5,-0.8581,-0.9361,-0.8625,0.4674,0.6675,0.3409,"incompf","incompf",2,2,2,-2,-2,-2,"luup_w","they were paired with Niffites names","they were paired with Luupites names",1,1,TRUE,2,TRUE,2,TRUE,"luup_w","incompf",-0.198114144329478,-1.85655645462407,1,1,1,-0.8581,-2,-1.22487154685174,-0.792849625414884
"132",315,"male",20,2,2,3,3,2,3,1,0.2941,0.3044,0.3074,0.4914,0.3431,0.7222,"incompf","compf",6,5,5.5,2,1,1.5,"niff_w","they were paired with Luupites names","they were paired with Niffites names",1,1,TRUE,2,TRUE,2,TRUE,"niff_w","incompf",-0.1363168177774,0.227268117721222,1,1,1,0.2941,1.5,0.819949481977054,0.962745973718073
"133",316,"male",20,3,4,3,4,3.5,3.5,0,-0.6732,-0.89,-0.4745,0.3462,0.6952,0.0254,"incompf","incompf",1,1,1,-3,-3,-3,"niff_w","they were paired with Niffites names and with Luupites names","I don’t remember",1,1,TRUE,2,TRUE,2,TRUE,"niff_w","incompf",-0.510190643417471,-0.36811033152029,0,0,0,-0.6732,-3,-0.896727641079788,-1.2944483680243
"134",319,"female",22,3,3,3,3,3,3,0,-0.3438,-0.3503,-0.4007,0.8502,0.9108,0.8975,"incompf","compf",1,1,1,-3,-3,-3,"luup_w","they were paired with Niffites names and with Luupites names","they were paired with Niffites names and with Luupites names",1,1,TRUE,2,TRUE,2,TRUE,"luup_w","incompf",0.787553214176165,-0.36811033152029,0,0,0,-0.3438,-3,-0.31213811938546,-1.2944483680243
"135",320,"female",63,4,4,4,4,4,4,0,-0.3399,-0.6211,-0.6158,0.773,0.679,0.9589,"incompf","incompf",4,4,4,0,0,0,"luup_w","they were paired with Niffites names and with Luupites names","they were paired with Luupites names",1,1,TRUE,2,TRUE,2,TRUE,"luup_w","incompf",0.588771813766982,-0.36811033152029,1,0,0,-0.3399,0,-0.305216749820773,0.210347859803949
"136",321,"female",48,3,3,3,3,3,3,0,0.8746,1.0462,0.8574,0.1759,0.3315,0.3297,"compf","compf",6,6,6,2,2,2,"niff_w","they were paired with Luupites names","they were paired with Niffites names",1,1,TRUE,2,TRUE,2,TRUE,"niff_w","compf",-0.948694173076591,-0.36811033152029,1,1,1,0.8746,2,1.85016872102854,1.21354534502278
"137",322,"female",37,-2,-2,2,2,-2,2,4,-0.0537,-0.2409,0.1088,0.4676,0.3391,0.5664,"compf","incompf",3,3,3,-1,-1,-1,"niff_w","I don’t remember","they were paired with Niffites names and with Luupites names",1,1,TRUE,2,TRUE,2,TRUE,"niff_w","compf",-0.19759916660821,2.01340346544576,0,0,0,-0.0537,-1,0.202705293618562,-0.291250882805468
"138",324,"female",28,0,0,1,2,0,1.5,1.5,-0.4619,-0.6327,-0.322,1.0479,0.8458,1.2439,"incompf","incompf",1,1,1,-3,-3,-3,"niff_w","they were paired with Niffites names and with Luupites names","they were paired with Niffites names and with Luupites names",1,1,TRUE,2,TRUE,2,TRUE,"niff_w","incompf",1.29660869164891,0.524957342341978,0,0,0,-0.4619,-3,-0.521731387485339,-1.2944483680243
"139",326,"female",43,2,2,4,4,2,4,2,-0.2844,-0.2377,-0.3495,0.7103,0.7048,0.779,"compf","incompf",1,1,1,-3,-3,-3,"luup_w","they were paired with Niffites names","they were paired with Luupites names",1,1,TRUE,2,TRUE,2,TRUE,"luup_w","compf",0.427326298149678,0.822646566962734,1,1,1,-0.2844,-3,-0.206720336784843,-1.2944483680243
"140",329,"female",21,1,2,4,3,1.5,3.5,2,-0.1414,0.0219,-0.3237,0.7311,0.672,0.8453,"compf","compf",6,6,6,2,2,2,"niff_w","they were paired with Niffites names and with Luupites names","they were paired with Niffites names and with Luupites names",1,1,TRUE,2,TRUE,2,TRUE,"niff_w","compf",0.480883981161479,0.822646566962734,0,0,0,-0.1414,2,0.0470632139203452,1.21354534502278
"141",330,"female",40,4,4,4,4,4,4,0,0.8301,1.0018,0.7639,0.342,-0.1687,0.726,"compf","incompf",7,7,7,3,3,3,"niff_w","they were paired with Niffites names and with Luupites names","they were paired with Niffites names and with Luupites names",1,1,TRUE,2,TRUE,2,TRUE,"niff_w","compf",-0.521005175564085,-0.36811033152029,0,0,0,0.8301,3,1.77119411958531,1.7151440876322
"142",331,"male",21,4,4,3,4,4,3.5,-0.5,-0.5634,-0.4747,-0.6777,0.9557,1.123,0.7564,"incompf","compf",2,1,1.5,-2,-3,-2.5,"niff_w","they were paired with Niffites names and with Luupites names","they were paired with Niffites names and with Luupites names",1,1,TRUE,2,TRUE,2,TRUE,"niff_w","incompf",1.05920396214467,-0.665799556141045,0,0,0,-0.5634,-2.5,-0.701864467181679,-1.04364899671959
"143",333,"male",44,4,4,2,3,4,2.5,-1.5,-0.674,-0.6038,-0.7427,0.075,0.036,0.0964,"compf","compf",4,4,4,0,0,0,"luup_w","they were paired with Niffites names","they were paired with Niffites names and with Luupites names",1,1,TRUE,2,TRUE,2,TRUE,"luup_w","compf",-1.20850043345595,-1.26117800538256,0,1,0,-0.674,0,-0.898147409195622,0.210347859803949
"144",334,"female",57,4,4,4,4,4,4,0,-0.0947,0.1702,-0.4235,0.6722,0.4243,0.9333,"compf","incompf",5,5,5,1,1,1,"luup_w","they were paired with Niffites names and with Luupites names","they were paired with Niffites names and with Luupites names",1,1,TRUE,2,TRUE,2,TRUE,"luup_w","compf",0.329223042248254,-0.36811033152029,0,0,0,-0.0947,1,0.129942177682109,0.711946602413365
"145",344,"male",38,3,3,4,4,3,4,1,-0.7392,-0.7817,-0.7219,0.5,0.7513,0.3606,"incompf","incompf",2,2,2,-2,-2,-2,"luup_w","they were paired with Niffites names and with Luupites names","they were paired with Niffites names and with Luupites names",1,1,TRUE,2,TRUE,2,TRUE,"luup_w","incompf",-0.114172775762905,0.227268117721222,0,0,0,-0.7392,-2,-1.01385851063603,-0.792849625414884
"146",345,"female",21,3,3,4,4,3,4,1,-0.0579,-0.3438,0.2571,0.994,1.0947,0.9103,"compf","compf",7,7,7,3,3,3,"niff_w","I don’t remember","I don’t remember",1,1,TRUE,2,TRUE,2,TRUE,"niff_w","compf",1.15782219576737,0.227268117721222,0,0,0,-0.0579,3,0.195251511010438,1.7151440876322
"147",348,"female",22,3,2,3,3,2.5,3,0.5,0.0093,0.0734,-0.2185,0.7655,0.7557,0.7719,"incompf","incompf",3,5,4,-1,1,0,"niff_w","they were paired with Niffites names and with Luupites names","they were paired with Niffites names and with Luupites names",1,1,TRUE,2,TRUE,2,TRUE,"niff_w","incompf",0.569460149219457,-0.0704211068995337,0,0,0,0.0093,0,0.314512032740428,0.210347859803949
"148",349,"male",27,3,3,3,3,3,3,0,-0.5498,-0.3172,-0.6909,1.3419,1.3048,1.3726,"compf","compf",4,4,4,0,0,0,"luup_w","they were paired with Niffites names and with Luupites names","they were paired with Niffites names and with Luupites names",1,1,TRUE,2,TRUE,2,TRUE,"luup_w","compf",2.05362594191186,-0.36811033152029,0,0,0,-0.5498,0,-0.677728409212514,0.210347859803949
"149",352,"male",33,3,3,0,0,3,0,-3,0.4874,0.1569,0.7667,-1.0911,-1.2391,-0.9442,"incompf","incompf",4,4,4,0,0,0,"luup_w","I don’t remember","I don’t remember",1,1,TRUE,2,TRUE,2,TRUE,"luup_w","incompf",-4.21107803730504,-2.15424567924482,0,0,0,0.4874,0,1.16300095296526,0.210347859803949
"150",353,"female",24,-2,-2,3,3,-2,3,5,-0.1817,0.1361,-0.4841,0.8944,1.0871,0.6693,"compf","compf",5,5,5,1,1,1,"niff_w","they were paired with Luupites names","they were paired with Niffites names",1,1,TRUE,2,TRUE,2,TRUE,"niff_w","compf",0.901363290576242,2.60878191468727,1,1,1,-0.1817,1,-0.0244576049147533,0.711946602413365
"151",357,"male",21,4,4,3,3,4,3,-1,0.8784,0.6492,1.0781,0.3856,0.3357,0.4575,"compf","compf",4,7,5.5,0,3,1.5,"luup_w","they were paired with Niffites names and with Luupites names","they were paired with Niffites names and with Luupites names",1,1,TRUE,2,TRUE,2,TRUE,"luup_w","compf",-0.40874003232781,-0.963488780761801,0,0,0,0.8784,1.5,1.85691261957874,0.962745973718073
"152",360,"male",38,4,4,4,4,4,4,0,0.3317,0.3632,0.1785,0.177,0.1567,0.2447,"incompf","incompf",7,2,4.5,3,-2,0.5,"luup_w","they were paired with Luupites names","they were paired with Niffites names",1,1,TRUE,2,TRUE,2,TRUE,"luup_w","incompf",-0.945861795609621,-0.36811033152029,0,0,0,0.3317,0.5,0.886678583421216,0.461147231108657
"153",361,"female",21,4,4,4,4,4,4,0,0.6751,0.599,0.923,0.2336,0.4457,0.1815,"compf","compf",2,2,2,-2,-2,-2,"niff_w","they were paired with Niffites names and with Luupites names","they were paired with Niffites names and with Luupites names",1,1,TRUE,2,TRUE,2,TRUE,"niff_w","compf",-0.80012310049097,-0.36811033152029,0,0,0,0.6751,-2,1.49611404714263,-0.792849625414884
"154",362,"female",42,3,3,3,3,3,3,0,-0.5094,-0.6378,-0.4449,0.4695,0.2862,0.642,"compf","incompf",2,2,2,-2,-2,-2,"niff_w","they were paired with Niffites names","they were paired with Luupites names",1,1,TRUE,2,TRUE,2,TRUE,"niff_w","compf",-0.192706878256171,-0.36811033152029,0,0,0,-0.5094,-2,-0.606030119362936,-0.792849625414884
"155",363,"female",29,3,4,4,4,3.5,4,0.5,-0.6332,-0.8805,-0.4224,0.3909,0.4699,0.3916,"incompf","compf",1,1,1,-3,-3,-3,"niff_w","they were paired with Niffites names","they were paired with Luupites names",1,1,TRUE,2,TRUE,2,TRUE,"niff_w","incompf",-0.395093122714226,-0.0704211068995337,0,0,0,-0.6332,-3,-0.825739235288127,-1.2944483680243
"156",366,"male",33,0,3,3,3,1.5,3,1.5,-0.912,-0.7203,-1.1281,0.9121,0.9403,0.8782,"compf","incompf",1,1,1,-3,-3,-3,"luup_w","they were paired with Niffites names","they were paired with Luupites names",1,1,TRUE,2,TRUE,2,TRUE,"luup_w","compf",0.9469388189084,0.524957342341978,1,1,1,-0.912,-3,-1.320528423656,-1.2944483680243
"157",367,"male",41,4,4,4,4,4,4,0,-0.4213,-0.2337,-0.6083,0.1101,0.2529,-0.0327,"incompf","compf",2,2,2,-2,-2,-2,"luup_w","they were paired with Niffites names and with Luupites names","they were paired with Niffites names and with Luupites names",1,1,TRUE,2,TRUE,2,TRUE,"luup_w","incompf",-1.11812184337354,-0.36811033152029,0,0,0,-0.4213,-2,-0.449678155606803,-0.792849625414884
"158",368,"female",34,4,4,4,4,4,4,0,-0.3311,-0.279,-0.3404,0.4577,0.3094,0.7683,"incompf","incompf",3,3,3,-1,-1,-1,"luup_w","they were paired with Niffites names and with Luupites names","they were paired with Niffites names and with Luupites names",1,1,TRUE,2,TRUE,2,TRUE,"luup_w","incompf",-0.223090563810942,-0.36811033152029,0,0,0,-0.3311,-1,-0.289599300546607,-0.291250882805468
"159",370,"female",55,4,4,4,4,4,4,0,1.2985,1.2099,1.3726,0.943,0.7588,1.0947,"compf","incompf",6,6,6,2,2,2,"niff_w","they were paired with Luupites names","they were paired with Niffites names",1,1,TRUE,2,TRUE,2,TRUE,"niff_w","compf",1.0265028768442,-0.36811033152029,1,1,1,1.2985,2,2.60246835140566,1.21354534502278
"160",373,"female",28,1,1,2,2,1,2,1,-0.7458,-0.5171,-1.1424,0.3429,0.7193,0.1609,"compf","compf",1,1,1,-3,-3,-3,"luup_w","they were paired with Niffites names","they were paired with Luupites names",1,1,TRUE,2,TRUE,2,TRUE,"luup_w","compf",-0.518687775818382,0.227268117721222,1,1,1,-0.7458,-3,-1.02557159759165,-1.2944483680243
"161",374,"female",49,2,3,3,3,2.5,3,0.5,-0.6597,-0.7638,-0.5631,0.7189,0.6723,0.7576,"compf","incompf",1,1,1,-3,-3,-3,"luup_w","they were paired with Niffites names","they were paired with Luupites names",1,1,TRUE,2,TRUE,2,TRUE,"luup_w","compf",0.449470340164172,-0.0704211068995337,1,1,1,-0.6597,-3,-0.872769054125102,-1.2944483680243
"162",376,"female",18,-2,-2,2,2,-2,2,4,0.1645,0.276,0.0861,0.2177,0.1656,0.23,"incompf","incompf",2,2,2,-2,-2,-2,"luup_w","they were paired with Niffites names","they were paired with Luupites names",1,1,TRUE,2,TRUE,2,TRUE,"luup_w","incompf",-0.841063829331722,2.01340346544576,1,1,1,0.1645,-2,0.589947047212073,-0.792849625414884
"163",378,"female",38,1,2,3,3,1.5,3,1.5,1.0575,0.9392,1.1571,1.3116,1.2285,1.3775,"compf","incompf",7,7,7,3,3,3,"niff_w","they were paired with Niffites names and with Luupites names","they were paired with Niffites names and with Luupites names",1,1,TRUE,2,TRUE,2,TRUE,"niff_w","compf",1.97560681713986,0.524957342341978,0,0,0,1.0575,3,2.17476320651091,1.7151440876322
"164",380,"male",63,2,2,4,3,2,3.5,1.5,-1.1799,-1.289,-1.1149,0.4271,0.238,0.6259,"incompf","incompf",1,1,1,-3,-3,-3,"niff_w","they were paired with Niffites names","they were paired with Luupites names",1,1,TRUE,2,TRUE,2,TRUE,"niff_w","incompf",-0.301882155164842,0.524957342341978,0,0,0,-1.1799,-3,-1.79597327144565,-1.2944483680243
"165",386,"male",49,3,3,3,3,3,3,0,-0.2587,-0.414,-0.1052,0.4251,0.1201,0.6964,"compf","incompf",2,2,2,-2,-2,-2,"niff_w","they were paired with Luupites names","they were paired with Niffites names",1,1,TRUE,2,TRUE,2,TRUE,"niff_w","compf",-0.307031932377515,-0.36811033152029,1,1,1,-0.2587,-2,-0.161110286063701,-0.792849625414884
"166",387,"male",35,4,3,4,3,3.5,3.5,0,0.1254,0.1883,0.2216,-0.0935,-0.1886,0.0607,"incompf","compf",4,4,4,0,0,0,"niff_w","they were paired with Luupites names","they were paired with Niffites names",1,1,TRUE,2,TRUE,2,TRUE,"niff_w","incompf",-1.64236916362367,-0.36811033152029,1,1,1,0.1254,0,0.520555880550724,0.210347859803949
"167",388,"male",51,3,4,0,2,3.5,1,-2.5,-0.535,-0.0901,-0.9774,0.6966,0.5875,0.7784,"incompf","incompf",1,1,1,-3,-3,-3,"niff_w","they were paired with Niffites names","they were paired with Luupites names",1,1,TRUE,2,TRUE,2,TRUE,"niff_w","incompf",0.392050324242867,-1.85655645462407,0,0,0,-0.535,-3,-0.651462699069599,-1.2944483680243
"168",402,"male",25,3,3,4,4,3,4,1,-0.1748,0.0731,-0.543,0.5526,0.5016,0.6338,"compf","incompf",5,4,4.5,1,0,0.5,"niff_w","they were paired with Niffites names and with Luupites names","they were paired with Niffites names and with Luupites names",1,1,TRUE,2,TRUE,2,TRUE,"niff_w","compf",0.0212663649303991,0.227268117721222,0,0,0,-0.1748,0.5,-0.0122121049156918,0.461147231108657
"169",403,"female",49,4,4,4,4,4,4,0,0.7023,0.6615,0.8417,0.7862,0.6385,0.934,"incompf","compf",7,7,7,3,3,3,"niff_w","they were paired with Niffites names and with Luupites names","they were paired with Niffites names and with Luupites names",1,1,TRUE,2,TRUE,2,TRUE,"niff_w","incompf",0.622760343370624,-0.36811033152029,0,0,0,0.7023,3,1.54438616308096,1.7151440876322
"170",404,"male",51,2,0,4,4,1,4,3,0.3971,-0.1712,0.7157,0.5953,0.6232,0.6354,"incompf","incompf",7,7,7,3,3,3,"niff_w","they were paired with Luupites names","they were paired with Niffites names",1,1,TRUE,2,TRUE,2,TRUE,"niff_w","incompf",0.131214108420971,1.41802501620425,1,1,1,0.3971,3,1.00274462689058,1.7151440876322
"171",407,"male",42,4,4,4,4,4,4,0,0.6289,0.0654,1.2709,0.7851,1.1671,0.3203,"incompf","compf",4,4,4,0,0,0,"luup_w","they were paired with Luupites names","they were paired with Niffites names",1,1,TRUE,2,TRUE,2,TRUE,"luup_w","incompf",0.619927965903654,-0.36811033152029,0,0,0,0.6289,0,1.41412243845326,0.210347859803949
"172",408,"male",39,3,3,3,3,3,3,0,0.4346,0.003,0.7299,0.2094,0.0772,0.4461,"incompf","incompf",4,4,4,0,0,0,"luup_w","they were paired with Luupites names","they were paired with Niffites names and with Luupites names",1,1,TRUE,2,TRUE,2,TRUE,"luup_w","incompf",-0.862435404764315,-0.36811033152029,0,0,0,0.4346,0,1.06929625732026,0.210347859803949
"173",410,"female",28,3,3,4,4,3,4,1,0.4118,0.5081,0.2547,0.6828,0.8064,0.5954,"compf","incompf",5,5,5,1,1,1,"niff_w","they were paired with Luupites names","they were paired with Niffites names",1,1,TRUE,2,TRUE,2,TRUE,"niff_w","compf",0.356516861475422,0.227268117721222,1,1,1,0.4118,1,1.02883286601902,0.711946602413365
"174",411,"male",33,4,4,4,4,4,4,0,0.7534,0.701,0.7758,0.6081,0.9789,0.3203,"incompf","compf",4,4,4,0,0,0,"niff_w","they were paired with Luupites names","they were paired with Niffites names",1,1,TRUE,2,TRUE,2,TRUE,"niff_w","incompf",0.164172682582079,-0.36811033152029,1,1,1,0.7534,0,1.6350738514798,0.210347859803949
"175",413,"female",36,2,3,3,3,2.5,3,0.5,-0.6148,-0.781,-0.4641,1.1578,1.3036,1.0272,"compf","compf",1,1,1,-3,-3,-3,"luup_w","they were paired with Niffites names","they were paired with Luupites names",1,1,TRUE,2,TRUE,2,TRUE,"luup_w","compf",1.5795889494853,-0.0704211068995337,1,1,1,-0.6148,-3,-0.793084568623963,-1.2944483680243
"176",416,"female",36,4,4,4,4,4,4,0,-0.3927,-0.4758,-0.3212,0.691,0.6883,0.7881,"incompf","incompf",4,4,4,0,0,0,"luup_w","they were paired with Niffites names","they were paired with Luupites names",1,1,TRUE,2,TRUE,2,TRUE,"luup_w","incompf",0.377630948047382,-0.36811033152029,1,1,1,-0.3927,0,-0.398921445465765,0.210347859803949
"177",418,"male",47,4,4,4,4,4,4,0,0.956,0.9322,0.9784,0.0887,-0.0308,0.1636,"compf","incompf",5,5,5,1,1,1,"niff_w","they were paired with Luupites names","they were paired with Niffites names",1,1,TRUE,2,TRUE,2,TRUE,"niff_w","compf",-1.17322445954914,-0.36811033152029,1,1,1,0.956,1,1.99463012681457,0.711946602413365
"178",421,"male",37,4,4,4,4,4,4,0,0.5695,0.6478,0.3832,-0.1535,-0.556,0.0527,"compf","compf",1,1,1,-3,-3,-3,"luup_w","they were paired with Niffites names","they were paired with Luupites names",1,1,TRUE,2,TRUE,2,TRUE,"luup_w","compf",-1.79686248000386,-0.36811033152029,1,1,1,0.5695,-3,1.30870465585264,-1.2944483680243
"179",422,"female",23,4,4,3,3,4,3,-1,-0.2842,-0.4658,-0.1852,0.6676,0.3462,0.9346,"compf","incompf",4,4,4,0,0,0,"luup_w","they were paired with Niffites names and with Luupites names","they were paired with Niffites names and with Luupites names",1,1,TRUE,2,TRUE,2,TRUE,"luup_w","compf",0.317378554659106,-0.963488780761801,0,0,0,-0.2842,0,-0.206365394755885,0.210347859803949
"180",428,"male",42,4,4,4,4,4,4,0,0.4212,-0.0532,0.8363,0.9531,1.0969,0.8889,"incompf","incompf",4,4,4,0,0,0,"niff_w","they were paired with Niffites names and with Luupites names","they were paired with Niffites names and with Luupites names",1,1,TRUE,2,TRUE,2,TRUE,"niff_w","incompf",1.0525092517682,-0.36811033152029,0,0,0,0.4212,0,1.04551514138006,0.210347859803949
"181",429,"female",22,4,4,4,4,4,4,0,-0.2219,-0.1699,-0.2723,0.2194,0.1963,0.1972,"compf","compf",7,7,7,3,3,3,"luup_w","they were paired with Luupites names","they were paired with Niffites names",1,1,TRUE,2,TRUE,2,TRUE,"luup_w","compf",-0.836686518700949,-0.36811033152029,0,0,0,-0.2219,3,-0.0958009527353726,1.7151440876322
"182",430,"male",35,4,0,-4,0,2,-2,-4,0.346,0.2124,0.4069,0.0443,0.0429,0.0548,"compf","incompf",1,1,1,-3,-3,-3,"luup_w","they were paired with Niffites names and with Luupites names","they were paired with Niffites names and with Luupites names",1,1,TRUE,2,TRUE,2,TRUE,"luup_w","compf",-1.28754951367048,-2.74962412848634,0,0,0,0.346,-3,0.912056938491735,-1.2944483680243
"183",431,"male",25,3,3,2,2,3,2,-1,0.4495,0.1539,0.7146,0.6637,0.8788,0.3896,"incompf","compf",4,7,5.5,0,3,1.5,"luup_w","they were paired with Niffites names and with Luupites names","they were paired with Niffites names and with Luupites names",1,1,TRUE,2,TRUE,2,TRUE,"luup_w","incompf",0.307336489094393,-0.963488780761801,0,0,0,0.4495,1.5,1.09573943847766,0.962745973718073
"184",432,"male",32,4,4,4,4,4,4,0,-0.6456,-0.4705,-0.7997,0.8116,0.8553,0.7672,"incompf","incompf",7,6,6.5,3,2,2.5,"luup_w","they were paired with Luupites names","they were paired with Luupites names",1,1,TRUE,2,TRUE,2,TRUE,"luup_w","incompf",0.688162513971574,-0.36811033152029,1,0,0,-0.6456,2.5,-0.847745641083542,1.46434471632749
"185",433,"male",46,3,3,1,1,3,1,-2,0.157,0.2366,0.1132,-0.8156,-0.8906,-0.7566,"compf","compf",4,4,4,0,0,0,"niff_w","they were paired with Niffites names and with Luupites names","they were paired with Niffites names and with Luupites names",1,1,TRUE,2,TRUE,2,TRUE,"niff_w","compf",-3.50169622625931,-1.55886723000331,0,0,0,0.157,0,0.576636721126136,0.210347859803949
"186",435,"female",24,3,3,3,3,3,3,0,-0.254,-0.3622,-0.3251,0.6965,0.8347,0.5758,"incompf","compf",2,2,2,-2,-2,-2,"niff_w","they were paired with Niffites names and with Luupites names","they were paired with Niffites names and with Luupites names",1,1,TRUE,2,TRUE,2,TRUE,"niff_w","incompf",0.391792835382233,-0.36811033152029,0,0,0,-0.254,-2,-0.152769148383181,-0.792849625414884
